"hazard_group","class_code_fct","class_name","yr_2010","yr_2016","yr_2017","yr_2018","yr_2019","yr_2020","yr_2021","delta_18_19","delta_19_20","delta_20_21","type_20_21","class_code_type"
"E","6826","MARINA (6/1/02)",5.6,NA,5.43,5.43,NA,5.85,NA,NA,NA,NA,"ERROR","RETIRED CODE"
"E","8726","STEAMSHIP LINE OR AGENCY - PORT EMPLOYEES (6/1/03)",2.32,NA,2.24,2.24,NA,2.49,NA,NA,NA,NA,"ERROR","RETIRED CODE"
"F","6824","BOAT BUILDING OR REPAIR",5.54,NA,5.36,5.36,NA,6.7,NA,NA,NA,NA,"ERROR","RETIRED CODE"
"G","6843","SHIP BUILDING, IRON OR STEEL",6.3,NA,6.1,6.1,NA,7.37,NA,NA,NA,NA,"ERROR","RETIRED CODE"
"G","6872","SHIP REPAIR OR CONVERSION - ALL OPERATIONS",7.92,NA,7.68,7.68,NA,9.13,NA,NA,NA,NA,"ERROR","RETIRED CODE"
"G","7309","STEVEDORING, N.O.C. (6/1/03)",22.04,NA,21.39,21.39,NA,20.96,NA,NA,NA,NA,"ERROR","RETIRED CODE"
"G","7313","COAL DOCK OPERATION AND STEVEDORING (6/1/03)",8.02,NA,7.77,7.77,NA,7.66,NA,NA,NA,NA,"ERROR","RETIRED CODE"
"G","7317","STEVEDORING - BY HAND OR HAND TRUCK EXCLUSIVELY (6/1/03)",17.05,NA,16.52,16.52,NA,16.21,NA,NA,NA,NA,"ERROR","RETIRED CODE"
"G","7327","STEVEDORING - CONTAINERIZED FREIGHT (6/1/03)",9.1,NA,8.82,8.82,NA,11.01,NA,NA,NA,NA,"ERROR","RETIRED CODE"
"G","7366","FREIGHT HANDLERS (6/1/03)",4.27,NA,4.14,4.14,NA,5.16,NA,NA,NA,NA,"ERROR","RETIRED CODE"
"G","8709","STEVEDORING - TALLYMEN AND CHECKING CLERKS (6/1/03)",1.71,NA,1.65,1.65,NA,2.07,NA,NA,NA,NA,"ERROR","RETIRED CODE"
"0","9740","TERRORISM PREMIUM CHARGE (9/1/08)",NA,0.01,0.01,0.01,0.01,0.01,NA,0,0,NA,"ERROR","RETIRED CODE"
"0","9741","CATASTROPHE (9/1/08)",NA,0.01,0.01,0.01,0.01,0.01,NA,0,0,NA,"ERROR","RETIRED CODE"
"0","9985","RADIATION EXP. - NO GOVT",NA,NA,NA,NA,NA,NA,NA,NA,NA,NA,"ERROR","ANCIENT CODE"
"A","0319","FURNITURE ASSEMBLY",NA,6.01,6.29,5.74,5.16,4.55,3.52,-0.101045296167247,-0.118217054263566,-0.226373626373626,"-20%","LIVE CODE"
"A","0502","PLASTER STATUARY MFG.",NA,5.18,5.43,4.92,4.33,3.74,2.82,-0.119918699186992,-0.136258660508083,-0.245989304812834,"-20%","LIVE CODE"
"A","0896","CLUB, N.O.C.",NA,2.4,2.31,1.96,1.65,1.39,1.02,-0.158163265306122,-0.157575757575758,-0.266187050359712,"-20%","LIVE CODE"
"A","0897","FAST-FOOD RESTAURANT",NA,2.53,2.43,2.11,1.81,1.51,1.13,-0.14218009478673,-0.165745856353591,-0.251655629139073,"-20%","LIVE CODE"
"A","0945","HOTEL RESTAURANT",NA,3.6,3.52,3.15,2.86,2.54,1.97,-0.0920634920634921,-0.111888111888112,-0.224409448818898,"-20%","LIVE CODE"
"A","0948","MAILING OR ADDRESSING COMPANY",NA,2.35,2.29,2.01,1.91,1.71,1.29,-0.0497512437810944,-0.104712041884817,-0.245614035087719,"-20%","LIVE CODE"
"A","0975","RESTAURANT, N.O.C.",NA,1.91,1.92,1.83,1.63,1.43,1.08,-0.109289617486339,-0.122699386503067,-0.244755244755245,"-20%","LIVE CODE"
"A","0977","BARBER SHOP OR BEAUTY PARLOR",NA,0.62,0.59,0.51,0.46,0.41,0.31,-0.0980392156862745,-0.108695652173913,-0.24390243902439,"-20%","LIVE CODE"
"A","0981","CASINO GAMBLING-ALL INCL. OFFICE",NA,3.43,3.25,2.86,2.48,2.08,1.55,-0.132867132867133,-0.161290322580645,-0.254807692307692,"-20%","LIVE CODE"
"A","0991","ATHLETIC TEAM: NON-CONTACT SPORTS",NA,9.26,7.61,6.15,5.15,4.4,3.37,-0.16260162601626,-0.145631067961165,-0.234090909090909,"-20%","LIVE CODE"
"B","0011","FLOWER RAISING, CULTIVATING",NA,4.45,4.32,3.74,3.22,2.72,2.01,-0.13903743315508,-0.15527950310559,-0.261029411764706,"-20%","LIVE CODE"
"B","0104","FOOD PRODUCTS MFG., N.O.C.",NA,5.11,5.23,4.69,4.1,3.5,2.67,-0.125799573560768,-0.146341463414634,-0.237142857142857,"-20%","LIVE CODE"
"B","0107","CANDY OR CHEWING GUM MFG.",NA,3.84,4.07,3.7,3.32,2.97,2.29,-0.102702702702703,-0.105421686746988,-0.228956228956229,"-20%","LIVE CODE"
"B","0110","ICE CREAM MFG.",NA,4.64,4.85,4.37,3.81,3.29,2.49,-0.128146453089245,-0.136482939632546,-0.243161094224924,"-20%","LIVE CODE"
"B","0141","LAUNDRY, N.O.C.",NA,7.12,7.49,6.87,6.09,5.31,4.08,-0.11353711790393,-0.12807881773399,-0.231638418079096,"-20%","LIVE CODE"
"B","0165","MATTRESS OR BOX SPRING MFG.",NA,7.61,8.36,7.93,7.33,6.54,5.05,-0.0756620428751575,-0.107776261937244,-0.22782874617737,"-20%","LIVE CODE"
"B","0185","EMPLOYMENT CONTRACTOR - FOOD PRODUCTS MFG., N.O.C. (12/1/15)",NA,5.11,5.23,4.69,4.1,3.5,NA,-0.125799573560768,-0.146341463414634,NA,"ERROR","RETIRED CODE"
"B","0187","EMPLOYMENT CONTRACTOR CANDY MFG. (8/1/08)",NA,3.84,4.07,3.7,3.32,2.97,NA,-0.102702702702703,-0.105421686746988,NA,"ERROR","RETIRED CODE"
"B","0204","SHOE MFG.",NA,3.79,4.12,3.87,3.55,3.2,2.51,-0.0826873385012921,-0.0985915492957745,-0.215625,"-20%","LIVE CODE"
"B","0205","LEATHER GOODS MFG., N.O.C.",NA,4.47,4.77,4.34,3.8,3.29,2.49,-0.124423963133641,-0.134210526315789,-0.243161094224924,"-20%","LIVE CODE"
"B","0281","PRINTING, N.O.C.",NA,3.25,3.49,3.22,2.9,2.59,2.02,-0.0993788819875777,-0.106896551724138,-0.22007722007722,"-20%","LIVE CODE"
"B","0285","PRINTING - SHEET-FED PRESS",NA,3.99,4.14,3.63,3,2.47,1.79,-0.173553719008264,-0.176666666666667,-0.275303643724696,"-20%","LIVE CODE"
"B","0297","EMPLOYMENT CONTRACTOR - PRINTING (8/1/08)",NA,3.25,3.49,3.22,2.9,2.59,NA,-0.0993788819875777,-0.106896551724138,NA,"ERROR","RETIRED CODE"
"B","0306","WOOD TURNED PRODUCTS MFG.",NA,6.04,6.35,5.69,4.88,4.12,3.1,-0.142355008787346,-0.155737704918033,-0.247572815533981,"-20%","LIVE CODE"
"B","0309","WOODENWARE MFG., N.O.C.",NA,4.35,4.49,4.07,3.58,3.1,2.38,-0.12039312039312,-0.134078212290503,-0.232258064516129,"-20%","LIVE CODE"
"B","0446","MACHINED PARTS MFG., N.O.C.",NA,2.41,2.41,2.07,1.73,1.44,1.06,-0.164251207729469,-0.167630057803468,-0.263888888888889,"-20%","LIVE CODE"
"B","0458","JEWELRY MFG.",NA,2.99,3.03,2.67,2.29,1.95,1.44,-0.142322097378277,-0.148471615720524,-0.261538461538461,"-20%","LIVE CODE"
"B","0467","BALL OR ROLLER BEARING MFG.",NA,6.13,6.53,5.93,5.15,4.4,3.26,-0.131534569983137,-0.145631067961165,-0.259090909090909,"-20%","LIVE CODE"
"B","0471","PRINTED CIRCUIT BOARD ASSEMBLY",NA,1.52,1.61,1.48,1.36,1.26,1,-0.081081081081081,-0.073529411764706,-0.206349206349206,"-20%","LIVE CODE"
"B","0472","ELECTRONIC COMPONENT MFG., N.O.C.",NA,1.76,1.78,1.59,1.36,1.15,0.83,-0.144654088050314,-0.154411764705882,-0.278260869565217,"-20%","LIVE CODE"
"B","0473","ELECTRICAL APPARATUS MFG., N.O.C.",NA,3.02,3.37,3.26,3.02,2.59,1.92,-0.0736196319018404,-0.142384105960265,-0.258687258687259,"-20%","LIVE CODE"
"B","0483","OFFICE MACHINE MFG.",NA,2.12,2.27,2.12,1.91,1.66,1.27,-0.0990566037735849,-0.130890052356021,-0.234939759036145,"-20%","LIVE CODE"
"B","0485","COMMUNICATIONS EQUIPMENT MFG.",NA,2.01,2.07,1.82,1.54,1.3,0.97,-0.153846153846154,-0.155844155844156,-0.253846153846154,"-20%","LIVE CODE"
"B","0488","ELECTRONIC INSTRUMENT MFG.",NA,1.06,1.09,1.01,0.96,0.91,0.76,-0.0495049504950495,-0.0520833333333333,-0.164835164835165,"-10-20%","LIVE CODE"
"B","0489","DENTAL LABORATORY",NA,2.28,2.25,1.94,1.62,1.35,1,-0.164948453608247,-0.166666666666667,-0.259259259259259,"-20%","LIVE CODE"
"B","0497","EMPLOYMENT CONTRACTOR - ELECTRONIC COMPONENT MFG. (8/1/08)",NA,1.76,1.78,1.59,1.36,1.15,NA,-0.144654088050314,-0.154411764705882,NA,"ERROR","RETIRED CODE"
"B","0513","POTTERY, N.O.C.",NA,4.96,5.16,4.63,4.04,3.48,2.65,-0.127429805615551,-0.138613861386139,-0.238505747126437,"-20%","LIVE CODE"
"B","0555","DRUG OR MEDICINE MFG.",NA,1.39,1.43,1.32,1.19,1.1,0.9,-0.0984848484848486,-0.0756302521008402,-0.181818181818182,"-10-20%","LIVE CODE"
"B","0877","EMPLOYMENT CONTRACTOR DEPARTMENT STORE (8/1/08)",NA,3.45,3.33,2.92,2.58,2.26,NA,-0.116438356164383,-0.124031007751938,NA,"ERROR","RETIRED CODE"
"B","0879","EMPLOYMENT CONTRACTOR PACKAGING (8/1/08)",NA,3.51,3.55,3.13,2.71,2.31,NA,-0.134185303514377,-0.14760147601476,NA,"ERROR","RETIRED CODE"
"B","0881","HARDWARE STORE (8/1/08)",NA,3.74,3.6,3.15,2.86,2.51,NA,-0.0920634920634921,-0.122377622377622,NA,"ERROR","RETIRED CODE"
"B","0882","RESIDENTIAL INTERIOR CLEANING",NA,8.15,7.92,6.95,6.19,5.4,4.12,-0.109352517985612,-0.127625201938611,-0.237037037037037,"-20%","LIVE CODE"
"B","0883","RETAIL STORE (8/1/08)",NA,3.18,3.32,3.07,2.74,2.39,NA,-0.107491856677524,-0.127737226277372,NA,"ERROR","RETIRED CODE"
"B","0884","HEALTH OR EXERCISE CLUB",NA,1.1,1.07,0.96,0.85,0.74,0.55,-0.114583333333333,-0.129411764705882,-0.256756756756757,"-20%","LIVE CODE"
"B","0886","ELECTRICAL SUPPLIES DEALER",NA,3.01,2.95,2.54,2.2,1.89,1.42,-0.133858267716535,-0.140909090909091,-0.248677248677249,"-20%","LIVE CODE"
"B","0889","EMPLOYMENT CONTRACTOR - CLERICAL  (10/1/10)",NA,0.22,0.21,0.16,0.13,0.12,NA,-0.1875,-0.076923076923077,NA,"ERROR","RETIRED CODE"
"B","0891","CHILD CARE OR EARLY EDUCATION",NA,1.72,1.73,1.61,1.46,1.27,0.99,-0.0931677018633541,-0.13013698630137,-0.220472440944882,"-20%","LIVE CODE"
"B","0895","EMPLOYMENT CONTRACTOR - COLLEGE SCHOOL (8/1/08)",NA,0.58,0.56,0.53,0.44,0.37,NA,-0.169811320754717,-0.159090909090909,NA,"ERROR","RETIRED CODE"
"B","0907","FRUIT,VEGETABLE DEALER WHOLESALE",NA,5.69,5.58,4.96,4.48,3.97,3.02,-0.096774193548387,-0.113839285714286,-0.239294710327456,"-20%","LIVE CODE"
"B","0909","DOMESTIC - OUTSIDE - OCCASIONAL",NA,106.51,103.9,89.75,76.47,64.49,47.86,-0.147966573816156,-0.156662743559566,-0.257869437122034,"-20%","LIVE CODE"
"B","0911","GROCERY - WHOLESALE",NA,5.22,4.85,4.21,3.72,3.23,2.47,-0.116389548693587,-0.131720430107527,-0.235294117647059,"-20%","LIVE CODE"
"B","0912","DOMESTIC WORKERS - OUTSIDE",NA,425.56,444.99,420.32,408.02,384.21,312.35,-0.0292634183479255,-0.0583549825988923,-0.1870331329221,"-10-20%","LIVE CODE"
"B","0914","DEPARTMENT STORE",NA,3.45,3.33,2.92,2.58,2.26,1.77,-0.116438356164383,-0.124031007751938,-0.216814159292035,"-20%","LIVE CODE"
"B","0916","CLOTHING OR DRY GOODS STORE",NA,2.5,2.44,2.18,1.96,1.71,1.31,-0.100917431192661,-0.127551020408163,-0.233918128654971,"-20%","LIVE CODE"
"B","0919","FLORIST STORE",NA,3.03,2.93,2.51,2.14,1.79,1.32,-0.147410358565737,-0.163551401869159,-0.262569832402235,"-20%","LIVE CODE"
"B","0923","PACKAGING, CONTRACT, NON-CRATING",NA,3.51,3.55,3.13,2.71,2.31,1.72,-0.134185303514377,-0.14760147601476,-0.255411255411255,"-20%","LIVE CODE"
"B","0924","WHOLESALE STORE, N.O.C.",NA,3.99,4.09,3.74,3.52,3.17,2.5,-0.0588235294117647,-0.0994318181818182,-0.211356466876972,"-20%","LIVE CODE"
"B","0925","HARDWARE STORE - RETAIL",NA,3.07,3.05,2.69,2.45,2.22,1.8,-0.0892193308550185,-0.0938775510204082,-0.189189189189189,"-10-20%","LIVE CODE"
"B","0926","HARDWARE STORES WHOLESALE",NA,3.74,3.6,3.15,2.86,2.51,1.93,-0.0920634920634921,-0.122377622377622,-0.231075697211155,"-20%","LIVE CODE"
"B","0927","PHARMACY, RETAIL - ALL EMPLOYEES",NA,1.28,1.4,1.31,1.17,1,0.73,-0.106870229007634,-0.145299145299145,-0.27,"-20%","LIVE CODE"
"B","0928","RETAIL STORES, N.O.C.",NA,3.18,3.32,3.07,2.74,2.39,1.86,-0.107491856677524,-0.127737226277372,-0.221757322175732,"-20%","LIVE CODE"
"B","0944","CLUB COUNTRY, GOLF OR YACHTING",NA,3.63,3.49,3.13,2.75,2.31,1.72,-0.121405750798722,-0.16,-0.255411255411255,"-20%","LIVE CODE"
"B","0947","EMPLOYMENT CONTRACTOR - MAINTENANCE OR SERVICE (8/1/08)",NA,6.79,6.72,5.81,5.08,4.34,NA,-0.125645438898451,-0.145669291338583,NA,"ERROR","RETIRED CODE"
"B","0963","CHURCH",NA,0.52,0.47,0.39,0.37,0.35,0.31,-0.0512820512820513,-0.0540540540540541,-0.114285714285714,"-10-20%","LIVE CODE"
"B","0964","WORK CENTER",NA,3.64,3.68,3.31,2.96,2.56,1.98,-0.105740181268882,-0.135135135135135,-0.2265625,"-20%","LIVE CODE"
"B","0965","COLLEGE OR SCHOOL, N.O.C.",NA,0.58,0.56,0.53,0.44,0.37,0.29,-0.169811320754717,-0.159090909090909,-0.216216216216216,"-20%","LIVE CODE"
"B","0968","AMATEUR SPORTS REC AMUSE INDOOR",NA,1.64,1.59,1.41,1.26,1.15,0.9,-0.106382978723404,-0.0873015873015873,-0.217391304347826,"-20%","LIVE CODE"
"B","0970","ATHLETIC TEAM: CONTACT SPORTS",NA,9.26,7.61,6.15,5.74,5.52,4.95,-0.0666666666666667,-0.0383275261324043,-0.103260869565217,"-10-20%","LIVE CODE"
"B","0973","HOTELS, ALL OTHER EMPLOYEES",NA,3.82,3.79,3.38,3.07,2.6,1.97,-0.091715976331361,-0.153094462540717,-0.242307692307692,"-20%","LIVE CODE"
"B","0976","COMMUNITY CENTER",NA,1.84,1.94,1.87,1.69,1.54,1.21,-0.0962566844919787,-0.088757396449704,-0.214285714285714,"-20%","LIVE CODE"
"C","0007","FARM MACHINERY OPERATION",NA,6.55,6.58,5.93,5.42,4.92,3.89,-0.0860033726812816,-0.0922509225092251,-0.209349593495935,"-20%","LIVE CODE"
"C","0013","NURSERY",NA,5.46,5.35,4.62,3.93,3.27,2.38,-0.149350649350649,-0.16793893129771,-0.27217125382263,"-20%","LIVE CODE"
"C","0016","ORCHARDS",NA,3.67,3.62,3.16,2.8,2.44,1.83,-0.113924050632911,-0.128571428571429,-0.25,"-20%","LIVE CODE"
"C","0034","ANIMAL RAISING",NA,4.43,4.27,3.63,3.12,2.64,2.04,-0.140495867768595,-0.153846153846154,-0.227272727272727,"-20%","LIVE CODE"
"C","0036","DAIRY FARMS",NA,5.05,4.98,4.34,3.72,3.16,2.36,-0.142857142857143,-0.150537634408602,-0.253164556962025,"-20%","LIVE CODE"
"C","0083","LIVESTOCK FARMS",NA,6.08,5.91,5.07,4.3,3.62,2.68,-0.151873767258383,-0.158139534883721,-0.259668508287293,"-20%","LIVE CODE"
"C","0106","PROCESSED MEAT PRODUCTS MFG.",NA,8.39,8.81,8.07,7.24,6.4,4.94,-0.102850061957869,-0.116022099447514,-0.228125,"-20%","LIVE CODE"
"C","0108","BREWERY",NA,5.56,5.63,4.88,4.03,3.29,2.37,-0.174180327868852,-0.183622828784119,-0.279635258358663,"-20%","LIVE CODE"
"C","0109","DAIRY PRODUCTS MFG.",NA,6.47,6.79,6.15,5.35,4.59,3.46,-0.130081300813008,-0.142056074766355,-0.246187363834423,"-20%","LIVE CODE"
"C","0111","SLAUGHTER HOUSE - WHOLESALE",NA,6.95,8.45,8.57,8.15,7.4,5.67,-0.0490081680280047,-0.0920245398773006,-0.233783783783784,"-20%","LIVE CODE"
"C","0112","CARBONATED BEVERAGE MFG.",NA,14.68,15.23,13.9,12.32,10.79,8.35,-0.113669064748201,-0.124188311688312,-0.22613531047266,"-20%","LIVE CODE"
"C","0113","PRESERVING OR CANNING OF FOOD",NA,3.5,3.71,3.32,2.85,2.38,1.75,-0.141566265060241,-0.164912280701754,-0.264705882352941,"-20%","LIVE CODE"
"C","0119","MEAT PRODUCTS MFG.",NA,5.89,5.99,5.28,4.54,3.92,2.98,-0.140151515151515,-0.136563876651982,-0.239795918367347,"-20%","LIVE CODE"
"C","0132","SPINNING OR WEAVING",NA,2.22,2.26,2.02,1.77,1.54,1.55,-0.123762376237624,-0.129943502824859,0.00649350649350655,"0-5%","LIVE CODE"
"C","0134","KNIT GOODS MFG.",NA,5.11,5.28,4.76,4.18,3.6,2.7,-0.121848739495798,-0.138755980861244,-0.25,"-20%","LIVE CODE"
"C","0135","HOSIERY MFG.",NA,4.04,4.22,3.81,3.32,2.85,2.15,-0.128608923884515,-0.141566265060241,-0.245614035087719,"-20%","LIVE CODE"
"C","0136","EMBROIDERY MANUFACTURE",NA,3.87,4.14,3.87,3.53,3.14,2.39,-0.0878552971576229,-0.110481586402266,-0.238853503184713,"-20%","LIVE CODE"
"C","0139","DYEING, MERCERIZING, OR FINISHING",NA,6.22,6.58,6.04,5.39,4.71,3.62,-0.107615894039735,-0.126159554730983,-0.231422505307856,"-20%","LIVE CODE"
"C","0142","DRY CLEANING PLANT",NA,3.22,3.46,3.22,2.91,2.55,1.94,-0.0962732919254659,-0.123711340206186,-0.23921568627451,"-20%","LIVE CODE"
"C","0161","APPAREL MFG.",NA,2.98,3.07,2.77,2.5,2.27,1.8,-0.0974729241877257,-0.092,-0.20704845814978,"-20%","LIVE CODE"
"C","0163","TEXTILE PRODUCTS MFG., N.O.C.",NA,6.17,6.31,5.69,4.93,4.21,3.2,-0.133567662565905,-0.14604462474645,-0.239904988123515,"-20%","LIVE CODE"
"C","0166","CANVAS OR BURLAP PRODUCTS MFG.",NA,4.38,4.65,4.29,3.87,3.41,2.63,-0.0979020979020979,-0.118863049095607,-0.228739002932551,"-20%","LIVE CODE"
"C","0175","SUPPL. LOADING FOR CLASS 512",NA,1.43,1.46,1.29,1.11,0.94,0.71,-0.13953488372093,-0.153153153153153,-0.24468085106383,"-20%","LIVE CODE"
"C","0176","SUPPL. LOADING FOR CLASS 513",NA,0.5,0.51,0.46,0.4,0.35,0.27,-0.130434782608696,-0.125,-0.228571428571428,"-20%","LIVE CODE"
"C","0191","EMPLOYMENT CONTRACTOR - APPAREL MFG. (8/1/08)",NA,2.98,3.07,2.77,2.5,2.27,NA,-0.0974729241877257,-0.092,NA,"ERROR","RETIRED CODE"
"C","0221","PLASTICS MFG., INJECTION MOLDING",NA,3.57,3.57,3.14,2.73,2.38,1.84,-0.130573248407643,-0.128205128205128,-0.226890756302521,"-20%","LIVE CODE"
"C","0222","PLASTICS MFG., N.O.C.",NA,5.39,5.55,5.01,4.41,3.82,2.96,-0.119760479041916,-0.133786848072562,-0.225130890052356,"-20%","LIVE CODE"
"C","0225","RUBBER GOODS OR TIRE MFG.",NA,4.09,4.19,3.82,3.4,2.95,2.23,-0.109947643979058,-0.132352941176471,-0.24406779661017,"-20%","LIVE CODE"
"C","0227","OILCLOTH, MFG.",NA,3.36,3.35,2.93,2.5,2.1,1.59,-0.146757679180887,-0.16,-0.242857142857143,"-20%","LIVE CODE"
"C","0257","BOX MFG. - PAPER",NA,3.96,4.19,3.81,3.33,2.87,2.13,-0.125984251968504,-0.138138138138138,-0.257839721254356,"-20%","LIVE CODE"
"C","0259","PAPER PRODUCTS MFG., N.O.C.",NA,3.32,3.48,3.22,2.86,2.54,1.99,-0.111801242236025,-0.111888111888112,-0.216535433070866,"-20%","LIVE CODE"
"C","0261","CORRUGATED PAPER/PRODUCTS MFG.",NA,4.24,4.36,3.98,3.58,3.19,2.49,-0.100502512562814,-0.108938547486034,-0.219435736677116,"-20%","LIVE CODE"
"C","0263","PAPER COATING/FINISHING",NA,3.41,3.46,3.07,2.67,2.28,1.7,-0.13029315960912,-0.146067415730337,-0.254385964912281,"-20%","LIVE CODE"
"C","0265","STATIONERY PRODUCTS MFG.",NA,4.11,4.27,3.87,3.34,2.85,2.14,-0.136950904392765,-0.146706586826347,-0.249122807017544,"-20%","LIVE CODE"
"C","0275","EMPLOYMENT CONTRACTOR - PLASTICS MFG. - INJECTION MOLDING (8/1/08)",NA,3.57,3.57,3.14,2.73,2.38,NA,-0.130573248407643,-0.128205128205128,NA,"ERROR","RETIRED CODE"
"C","0276","EMPLOYMENT CONTRACTOR - PLASTIC MFG., N.O.C. (8/1/08)",NA,5.39,5.55,5.01,4.41,3.82,NA,-0.119760479041916,-0.133786848072562,NA,"ERROR","RETIRED CODE"
"C","0311","CABINET WORKS",NA,4.54,4.55,4.08,3.65,3.2,2.47,-0.105392156862745,-0.123287671232877,-0.228125,"-20%","LIVE CODE"
"C","0323","FURNITURE MFG. - WOOD",NA,5.52,6.02,5.5,4.77,4.05,3,-0.132727272727273,-0.150943396226415,-0.259259259259259,"-20%","LIVE CODE"
"C","0327","FURNITURE UPHOLSTERING, SHOP ONLY",NA,5.02,5.11,4.48,3.76,3.11,2.29,-0.160714285714286,-0.172872340425532,-0.263665594855305,"-20%","LIVE CODE"
"C","0403","ROLLING,DRAWING NON-FERROUS METAL",NA,3.81,4.03,3.74,3.41,3.04,2.32,-0.0882352941176471,-0.108504398826979,-0.236842105263158,"-20%","LIVE CODE"
"C","0407","TUBE MFG.",NA,5.25,5.39,4.9,4.23,3.68,2.82,-0.136734693877551,-0.130023640661939,-0.233695652173913,"-20%","LIVE CODE"
"C","0416","CAR MFG.",NA,3.65,3.42,2.9,2.51,2.22,1.71,-0.13448275862069,-0.115537848605578,-0.22972972972973,"-20%","LIVE CODE"
"C","0431","FORGING",NA,8.17,8.46,7.61,6.7,5.8,4.4,-0.11957950065703,-0.134328358208955,-0.241379310344828,"-20%","LIVE CODE"
"C","0433","TOOL MFG. FORGED",NA,4.52,4.77,4.39,4.02,3.63,2.86,-0.0842824601366743,-0.0970149253731343,-0.212121212121212,"-20%","LIVE CODE"
"C","0435","SPRING MFG. HOT WOUND",NA,6.39,6.51,5.76,4.93,4.17,3.11,-0.144097222222222,-0.154158215010142,-0.254196642685851,"-20%","LIVE CODE"
"C","0441","TOOL MFG., N.O.C.",NA,1.98,2.04,1.82,1.56,1.31,0.96,-0.142857142857143,-0.16025641025641,-0.267175572519084,"-20%","LIVE CODE"
"C","0445","HARDWARE MFG., N.O.C.",NA,4.69,4.62,3.88,3.18,2.59,1.87,-0.180412371134021,-0.185534591194969,-0.277992277992278,"-20%","LIVE CODE"
"C","0454","SHEET METAL PRODUCTS FAB. - SHOP",NA,8.45,8.69,7.89,7.01,6.17,4.79,-0.111533586818758,-0.119828815977175,-0.223662884927066,"-20%","LIVE CODE"
"C","0457","WIRE GOODS MFG.",NA,5.27,5.33,4.72,4.12,3.57,2.73,-0.127118644067796,-0.133495145631068,-0.235294117647059,"-20%","LIVE CODE"
"C","0459","EYELET, MFG.",NA,1.64,1.64,1.43,1.19,0.99,0.74,-0.167832167832168,-0.168067226890756,-0.252525252525252,"-20%","LIVE CODE"
"C","0464","MACHINERY MFG., N.O.C.",NA,4.38,4.52,4.1,3.61,3.14,2.41,-0.119512195121951,-0.130193905817174,-0.232484076433121,"-20%","LIVE CODE"
"C","0474","ELECTRIC POWER EQUIPMENT MFG.",NA,2.39,2.71,2.61,2.4,2.12,1.64,-0.0804597701149425,-0.116666666666667,-0.226415094339623,"-20%","LIVE CODE"
"C","0476","INDUSTRIAL CONTROL SYSTEMS MFG",NA,2.05,2.19,1.95,1.63,1.35,1.02,-0.164102564102564,-0.171779141104294,-0.244444444444444,"-20%","LIVE CODE"
"C","0477","ELECTRIC MOTOR MFG. OR REPAIR",NA,3.17,3.25,2.89,2.48,2.08,1.55,-0.141868512110727,-0.161290322580645,-0.254807692307692,"-20%","LIVE CODE"
"C","0486","LIGHT BULB / ELECTRONIC TUBE MFG.",NA,2.51,2.52,2.19,1.81,1.53,1.16,-0.17351598173516,-0.154696132596685,-0.241830065359477,"-20%","LIVE CODE"
"C","0487","SURGICAL/OPTICAL INSTRUMENT MFG.",NA,1.61,1.69,1.53,1.33,1.15,0.87,-0.130718954248366,-0.135338345864662,-0.243478260869565,"-20%","LIVE CODE"
"C","0491","EMPLOYMENT CONTRACTOR - ROLLING, DRAWING  EXTRUDING NONFERROUS METALS (8/1/08)",NA,3.81,4.03,3.74,3.41,3.04,NA,-0.0882352941176471,-0.108504398826979,NA,"ERROR","RETIRED CODE"
"C","0506","POWDER METAL PRODUCTS MFG.",NA,2.99,2.95,2.64,2.32,2.02,1.57,-0.121212121212121,-0.129310344827586,-0.222772277227723,"-20%","LIVE CODE"
"C","0535","GLASS OR GLASSWARE MFG.",NA,4.13,4.28,3.86,3.41,2.99,2.3,-0.116580310880829,-0.12316715542522,-0.230769230769231,"-20%","LIVE CODE"
"C","0536","GLASS PRODUCTS MFG.",NA,7.87,8.46,7.84,6.99,6.07,4.6,-0.108418367346939,-0.131616595135908,-0.242174629324547,"-20%","LIVE CODE"
"C","0563","PAINT OR COLORS MFG.",NA,2.06,2.12,1.9,1.69,1.49,1.15,-0.110526315789474,-0.118343195266272,-0.228187919463087,"-20%","LIVE CODE"
"C","0571","SOAP MFG.",NA,3.81,3.99,3.63,3.19,2.76,2.11,-0.121212121212121,-0.134796238244514,-0.235507246376812,"-20%","LIVE CODE"
"C","0587","EMPLOYMENT CONTRACTOR - PAINT COLORS MFG. (8/1/08)",NA,2.06,2.12,1.9,1.69,1.49,NA,-0.110526315789474,-0.118343195266272,NA,"ERROR","RETIRED CODE"
"C","0753","WATERWORKS",NA,5.38,5.55,5.14,4.65,4.09,3.16,-0.0953307392996108,-0.120430107526882,-0.227383863080685,"-20%","LIVE CODE"
"C","0814","DEALER IN MBLE, SELF-PRPLLD EQUIP",NA,4.83,4.55,3.94,3.5,3,2.29,-0.111675126903553,-0.142857142857143,-0.236666666666667,"-20%","LIVE CODE"
"C","0821","BEVERAGE DISTRIBUTOR",NA,8.25,8.15,7.44,6.83,6.1,4.78,-0.081989247311828,-0.10688140556369,-0.216393442622951,"-20%","LIVE CODE"
"C","0825","AUTOMOBILE STORAGE GARAGE",NA,4.41,4.55,4.22,3.96,3.62,2.86,-0.0616113744075829,-0.0858585858585859,-0.209944751381215,"-20%","LIVE CODE"
"C","0865","POULTRY, FISH DEALERS/PROCESSORS",NA,3.64,3.33,2.86,2.58,2.18,1.66,-0.0979020979020978,-0.155038759689922,-0.238532110091743,"-20%","LIVE CODE"
"C","0880","APARTMENT HOUSE",NA,7.57,7.69,7.1,6.45,5.68,4.32,-0.0915492957746478,-0.11937984496124,-0.23943661971831,"-20%","LIVE CODE"
"C","0885","PLUMBING SUPPLIES DEALER",NA,3.84,3.94,3.7,3.52,3.24,2.29,-0.0486486486486487,-0.0795454545454545,-0.29320987654321,"-20%","LIVE CODE"
"C","0887","MUSEUM",NA,1.48,1.4,1.21,1.05,0.9,0.69,-0.132231404958678,-0.142857142857143,-0.233333333333333,"-20%","LIVE CODE"
"C","0890","LIBRARY - PUBLIC",NA,0.69,0.67,0.58,0.52,0.45,0.35,-0.103448275862069,-0.134615384615385,-0.222222222222222,"-20%","LIVE CODE"
"C","0898","CATERER",NA,5.05,4.94,4.44,4.01,3.51,2.72,-0.096846846846847,-0.124688279301746,-0.225071225071225,"-20%","LIVE CODE"
"C","0899","BAR, NIGHTCLUB",NA,1.87,1.87,1.64,1.45,1.21,0.89,-0.115853658536585,-0.16551724137931,-0.264462809917355,"-20%","LIVE CODE"
"C","0908","DOMESTIC - INSIDE - OCCASIONAL",NA,256.43,241.01,205.92,178.07,152.46,114.75,-0.135246697746698,-0.143819846127927,-0.247343565525384,"-20%","LIVE CODE"
"C","0910","MEAT DEALER WHOLESALE",NA,7.2,6.98,6.11,5.36,4.57,3.41,-0.122749590834697,-0.147388059701492,-0.25382932166302,"-20%","LIVE CODE"
"C","0913","DOMESTIC WORKERS - INSIDE",NA,575.39,564.5,506.07,446.85,378.48,277.62,-0.117019384670105,-0.153004363880497,-0.266487000634115,"-20%","LIVE CODE"
"C","0915","MEAT, FISH, POULTRY STORE-RETAIL",NA,3.53,3.4,2.9,2.46,2.07,1.53,-0.151724137931034,-0.158536585365854,-0.260869565217391,"-20%","LIVE CODE"
"C","0917","GROCERY STORE",NA,4.37,4.21,3.72,3.33,2.91,2.25,-0.104838709677419,-0.126126126126126,-0.22680412371134,"-20%","LIVE CODE"
"C","0918","BAKERY SHOP",NA,3.4,3.3,2.81,2.39,2,1.47,-0.149466192170818,-0.163179916317992,-0.265,"-20%","LIVE CODE"
"C","0920","JEWELRY STORE",NA,0.84,0.81,0.72,0.62,0.53,0.4,-0.138888888888889,-0.145161290322581,-0.245283018867924,"-20%","LIVE CODE"
"C","0929","EMPLOYMENT CONTRACTOR - TEMPORARY STAFF (8/1/97)",NA,4.71,4.66,4.03,3.52,3.01,NA,-0.126550868486352,-0.144886363636364,NA,"ERROR","RETIRED CODE"
"C","0932","COPYING OR DUPLICATING SERVICE",NA,0.99,0.96,0.83,0.73,0.61,0.5,-0.120481927710843,-0.164383561643836,-0.180327868852459,"-10-20%","LIVE CODE"
"C","0933","VENDING & COIN OPERATED MACHINES",NA,5.89,5.71,4.91,4.18,3.51,2.58,-0.14867617107943,-0.160287081339713,-0.264957264957265,"-20%","LIVE CODE"
"C","0934","AUTO PARTS AND ACCESSORY STORE",NA,3.54,3.47,3.25,3.03,2.77,2.2,-0.0676923076923077,-0.0858085808580857,-0.205776173285198,"-20%","LIVE CODE"
"C","0935","BLDG MATERIAL STORE EMPLOYEES",NA,1.82,1.75,1.52,1.33,1.17,0.89,-0.125,-0.120300751879699,-0.239316239316239,"-20%","LIVE CODE"
"C","0940","RESIDENTIAL - INTEL DISABILITIES",NA,6.05,6.26,5.65,5.01,4.23,3.03,-0.113274336283186,-0.155688622754491,-0.283687943262411,"-20%","LIVE CODE"
"C","0941","SOCIAL REHABILITATION FACILITY",NA,3.53,3.7,3.6,3.42,3.14,2.53,-0.05,-0.0818713450292398,-0.194267515923567,"-10-20%","LIVE CODE"
"C","0942","HOME HEALTH CARE SERVICES",NA,3.1,2.99,2.75,2.56,2.33,1.84,-0.0690909090909091,-0.08984375,-0.210300429184549,"-20%","LIVE CODE"
"C","0943","HOME CARE SERVICES",NA,5.91,5.7,5.03,4.64,4.14,3.23,-0.0775347912524852,-0.107758620689655,-0.219806763285024,"-20%","LIVE CODE"
"C","0946","EMPLOYMENT CONTRACTOR - MEDICAL (8/1/08)",NA,3.91,3.76,3.25,2.86,2.51,NA,-0.12,-0.122377622377622,NA,"ERROR","RETIRED CODE"
"C","0949","EMPLOYMENT CONTRACTOR - MARKETING  (8/1/08)",NA,0.9,0.79,0.62,0.49,0.4,NA,-0.209677419354839,-0.183673469387755,NA,"ERROR","RETIRED CODE"
"C","0952","OFFICE MACHINE SERVICE OR REPAIR",NA,0.7,0.69,0.64,0.58,0.51,0.4,-0.0937500000000001,-0.120689655172414,-0.215686274509804,"-20%","LIVE CODE"
"C","0953","OFFICE",NA,0.22,0.21,0.16,0.13,0.12,0.1,-0.1875,-0.076923076923077,-0.166666666666667,"-10-20%","LIVE CODE"
"C","0957","PHYSICIAN OR DENTIST",NA,0.7,0.72,0.61,0.54,0.5,0.42,-0.114754098360656,-0.0740740740740742,-0.16,"-10-20%","LIVE CODE"
"C","0958","REHABILITATION HOSPITALS",NA,1.71,1.81,1.73,1.63,1.45,1.14,-0.0578034682080926,-0.110429447852761,-0.213793103448276,"-20%","LIVE CODE"
"C","0959","VETERINARIANS",NA,1.99,1.96,1.72,1.5,1.29,1,-0.127906976744186,-0.14,-0.224806201550388,"-20%","LIVE CODE"
"C","0960","NURSING AND CONVALESCENT HOME",NA,4.42,4.45,4.14,3.7,3.21,2.41,-0.106280193236715,-0.132432432432433,-0.249221183800623,"-20%","LIVE CODE"
"C","0961","HOSPITALS",NA,1.02,1,0.87,0.75,0.66,0.48,-0.137931034482759,-0.12,-0.272727272727273,"-20%","LIVE CODE"
"C","0969","AMUSEMENT, OUTDOOR",NA,5.3,5.03,4.35,3.8,3.28,2.53,-0.126436781609195,-0.136842105263158,-0.228658536585366,"-20%","LIVE CODE"
"C","0971","COMMERCIAL BUILDINGS",NA,4.23,4.07,3.58,3.2,2.8,2.14,-0.106145251396648,-0.125,-0.235714285714286,"-20%","LIVE CODE"
"C","0974","RETIREMENT / LIFE CARE COMMUNITY",NA,3.75,3.77,3.32,2.97,2.59,2.02,-0.105421686746988,-0.127946127946128,-0.22007722007722,"-20%","LIVE CODE"
"C","0978","CAMP, SUMMER OR WINTER, N.O.C.",NA,3.27,3.35,3.07,2.75,2.41,1.86,-0.104234527687296,-0.123636363636364,-0.228215767634855,"-20%","LIVE CODE"
"C","0979","RESIDENTIAL ELDERLY NON-MEDICAL",NA,5.11,5.01,4.43,3.93,3.36,2.57,-0.112866817155756,-0.145038167938931,-0.235119047619048,"-20%","LIVE CODE"
"C","0983","HOUSING AUTHORITY",NA,9.32,9.29,8.22,7.23,6.25,4.7,-0.12043795620438,-0.135546334716459,-0.248,"-20%","LIVE CODE"
"C","0984","INSURANCE COMPANY",NA,0.29,0.28,0.25,0.22,0.16,0.12,-0.12,-0.272727272727273,-0.25,"-20%","LIVE CODE"
"C","0986","ADULT SHELTER OR HALFWAY HOUSE",NA,2.17,2.12,1.96,1.8,1.61,1.27,-0.0816326530612245,-0.105555555555556,-0.211180124223603,"-20%","LIVE CODE"
"C","0988","BANK",NA,0.24,0.23,0.19,0.17,0.14,0.11,-0.105263157894737,-0.176470588235294,-0.214285714285714,"-20%","LIVE CODE"
"D","0006","FIELD CROP OR VEGETABLE FARM",NA,5.27,5.37,4.89,4.45,3.92,3.04,-0.0899795501022493,-0.119101123595506,-0.224489795918367,"-20%","LIVE CODE"
"D","0008","MUSHROOM RAISING",NA,4.57,4.88,4.55,4.15,3.69,2.81,-0.0879120879120878,-0.110843373493976,-0.238482384823848,"-20%","LIVE CODE"
"D","0012","LANDSCAPE CONTRACTOR",NA,5.55,5.35,4.68,4.12,3.61,2.8,-0.11965811965812,-0.12378640776699,-0.224376731301939,"-20%","LIVE CODE"
"D","0105","BAKERY - WHOLESALE",NA,4.97,5.51,5.16,4.68,4.17,3.24,-0.0930232558139535,-0.108974358974359,-0.223021582733813,"-20%","LIVE CODE"
"D","0115","TOBACCO PRODUCTS MFG.",NA,2.99,3.28,3.13,2.91,2.63,2.07,-0.0702875399361022,-0.0962199312714778,-0.212927756653992,"-20%","LIVE CODE"
"D","0201","TANNING",NA,6.11,6.47,5.91,5.21,4.52,3.43,-0.11844331641286,-0.132437619961612,-0.241150442477876,"-20%","LIVE CODE"
"D","0282","NEWSPAPER PRINTING",NA,9.15,9.6,8.59,7.34,6.17,4.59,-0.145518044237485,-0.159400544959128,-0.256077795786062,"-20%","LIVE CODE"
"D","0305","CARPENTRY SHOP",NA,7.22,7.11,6.3,5.51,4.81,3.66,-0.125396825396825,-0.127041742286751,-0.239085239085239,"-20%","LIVE CODE"
"D","0429","DIE CASTINGS MFG.",NA,6.72,6.84,6.01,5.11,4.29,3.17,-0.149750415973378,-0.160469667318982,-0.261072261072261,"-20%","LIVE CODE"
"D","0449","ELECTROPLATING",NA,3.39,3.49,3.16,2.79,2.43,1.85,-0.117088607594937,-0.129032258064516,-0.238683127572016,"-20%","LIVE CODE"
"D","0451","AUTOMOBILE BODY MFG.",NA,5.01,5.16,4.7,4.17,3.71,2.88,-0.112765957446809,-0.11031175059952,-0.223719676549865,"-20%","LIVE CODE"
"D","0456","METAL FURNITURE OR FURNISHING MFG",NA,6.62,7.15,6.66,5.87,5.04,3.82,-0.118618618618619,-0.141396933560477,-0.242063492063492,"-20%","LIVE CODE"
"D","0461","MACHINE SHOP",NA,5.28,5.47,5.07,4.49,3.9,2.99,-0.11439842209073,-0.131403118040089,-0.233333333333333,"-20%","LIVE CODE"
"D","0463","AUTOMOBILE MFG.",NA,4.06,4.32,3.97,3.52,3.03,2.26,-0.113350125944584,-0.139204545454546,-0.254125412541254,"-20%","LIVE CODE"
"D","0465","CONVEYOR MFG.",NA,5,5.23,4.72,4.15,3.59,2.71,-0.120762711864407,-0.134939759036145,-0.245125348189415,"-20%","LIVE CODE"
"D","0475","BATTERY MFG.",NA,4.11,4.15,3.73,3.26,2.81,2.14,-0.126005361930295,-0.138036809815951,-0.238434163701068,"-20%","LIVE CODE"
"D","0495","EMPLOYMENT CONTRACTOR - AUTOMOBILE BODY MFG. (8/1/08)",NA,5.01,5.16,4.7,4.17,3.71,NA,-0.112765957446809,-0.11031175059952,NA,"ERROR","RETIRED CODE"
"D","0499","EMPLOYMENT CONTRACTOR - BATTERY MFG. (8/1/08)",NA,4.11,4.15,3.73,3.26,2.81,NA,-0.126005361930295,-0.138036809815951,NA,"ERROR","RETIRED CODE"
"D","0647","INSULATION WORK-N.O.C.",NA,10.03,10.22,9.47,8.37,7.54,6.08,-0.116156282998944,-0.099163679808841,-0.193633952254642,"-10-20%","LIVE CODE"
"D","0744","AIRCRAFT MFG.",NA,1.03,0.95,0.76,0.59,0.5,0.38,-0.223684210526316,-0.152542372881356,-0.24,"-20%","LIVE CODE"
"D","0813","WAREHOUSING OTHER THAN FURNITURE",NA,6.09,5.88,5.18,4.62,4.04,3.15,-0.108108108108108,-0.125541125541126,-0.22029702970297,"-20%","LIVE CODE"
"D","0815","AUTOMOBILE SERVICE CENTER",NA,3.63,3.65,3.24,2.89,2.53,1.98,-0.108024691358025,-0.124567474048443,-0.217391304347826,"-20%","LIVE CODE"
"D","0816","AUTOMOBILE FILLING STATIONS",NA,2.97,3.04,2.75,2.49,2.17,1.64,-0.0945454545454545,-0.1285140562249,-0.244239631336406,"-20%","LIVE CODE"
"D","0818","AUTOMOBILE DEALER",NA,2.06,2.06,1.79,1.57,1.38,1.06,-0.122905027932961,-0.121019108280255,-0.231884057971014,"-20%","LIVE CODE"
"D","0819","MOBILE EQUIPMENT SALESPERSON",NA,1.44,1.58,1.5,1.36,1.16,0.83,-0.0933333333333333,-0.147058823529412,-0.28448275862069,"-20%","LIVE CODE"
"D","0820","AUTOMOBILE AUCTION",NA,3.33,3.22,2.84,2.57,2.31,1.83,-0.0950704225352113,-0.101167315175097,-0.207792207792208,"-20%","LIVE CODE"
"D","0867","EMPLOYMENT CONTRACTOR -WAREHOUSING (8/1/08)",NA,6.09,5.88,5.18,4.62,4.04,NA,-0.108108108108108,-0.125541125541126,NA,"ERROR","RETIRED CODE"
"D","0871","TEMPORARY FURNITURE STORE - WHOLESALE (6/1/09)",NA,7.47,7.41,6.47,5.62,4.78,NA,-0.131375579598145,-0.149466192170818,NA,"ERROR","RETIRED CODE"
"D","0905","ARCHITECTURAL CONSULTING FIRM",NA,0.28,0.24,0.17,0.13,0.1,0.06,-0.235294117647059,-0.230769230769231,-0.4,"-20%","LIVE CODE"
"D","0921","FURNITURE STORE - WHOLESALE",NA,7.47,7.41,6.47,5.62,4.78,3.54,-0.131375579598145,-0.149466192170818,-0.259414225941423,"-20%","LIVE CODE"
"D","0922","FURNITURE STORE - RETAIL",NA,3.84,3.53,3.08,2.66,2.25,1.75,-0.136363636363636,-0.154135338345865,-0.222222222222222,"-20%","LIVE CODE"
"D","0936","BROADCASTING STATION",NA,0.48,0.42,0.34,0.33,0.29,0.24,-0.0294117647058824,-0.121212121212121,-0.172413793103448,"-10-20%","LIVE CODE"
"D","0937","EMPLOYMENT CONTRACTOR - HEAVY SERVICE (8/1/08)",NA,10.9,10.16,8.64,7.44,6.24,NA,-0.138888888888889,-0.161290322580645,NA,"ERROR","RETIRED CODE"
"D","0955","ENGINEERING CONSULTING FIRM",NA,0.31,0.29,0.23,0.16,0.12,0.08,-0.304347826086957,-0.25,-0.333333333333333,"-20%","LIVE CODE"
"D","0956","LAW FIRM",NA,0.18,0.21,0.18,0.15,0.11,0.08,-0.166666666666667,-0.266666666666667,-0.272727272727273,"-20%","LIVE CODE"
"D","0967","THEATRES",NA,1.11,1.08,0.97,0.9,0.82,0.64,-0.0721649484536082,-0.088888888888889,-0.219512195121951,"-20%","LIVE CODE"
"D","0997","UNDERTAKERS",NA,1.27,1.26,1.08,0.9,0.76,0.57,-0.166666666666667,-0.155555555555556,-0.25,"-20%","LIVE CODE"
"D","0999","CEMETERY",NA,6.03,6,5.3,4.73,4.11,3.19,-0.107547169811321,-0.13107822410148,-0.223844282238443,"-20%","LIVE CODE"
"E","0015","LOGGING OR LUMBERING - MECHANIZED",NA,19.1,18.17,15.34,12.78,10.49,7.83,-0.166883963494133,-0.179186228482003,-0.253574833174452,"-20%","LIVE CODE"
"E","0059","MINERAL MILLING",NA,6.08,6.3,5.93,5.56,5.22,4.35,-0.0623946037099494,-0.0611510791366906,-0.166666666666667,"-10-20%","LIVE CODE"
"E","0101","GRAIN MILLING",NA,4.7,4.95,4.48,3.96,3.45,2.63,-0.116071428571429,-0.128787878787879,-0.23768115942029,"-20%","LIVE CODE"
"E","0114","RENDERING WORKS",NA,10.2,10.51,9.36,8.09,6.92,5.24,-0.135683760683761,-0.144622991347342,-0.242774566473988,"-20%","LIVE CODE"
"E","0130","TEXTILE WASTE, MFG.",NA,8.02,8.44,7.65,6.72,5.79,4.36,-0.121568627450981,-0.138392857142857,-0.246977547495682,"-20%","LIVE CODE"
"E","0255","PAPER OR PULP MFG.",NA,3.87,4.17,3.83,3.35,2.85,2.09,-0.12532637075718,-0.149253731343284,-0.266666666666667,"-20%","LIVE CODE"
"E","0402","SMELTING OR GALVANIZING",NA,6.8,6.93,6.05,5.13,4.29,3.17,-0.152066115702479,-0.16374269005848,-0.261072261072261,"-20%","LIVE CODE"
"E","0404","STEEL MFG.",NA,4.86,4.95,4.42,3.8,3.24,2.44,-0.14027149321267,-0.147368421052631,-0.246913580246914,"-20%","LIVE CODE"
"E","0406","ROLLING MILL",NA,7.2,7.02,5.94,4.85,3.93,2.81,-0.183501683501684,-0.189690721649484,-0.28498727735369,"-20%","LIVE CODE"
"E","0411","STEEL FABRICATING",NA,9.1,8.96,7.76,6.6,5.57,4.13,-0.149484536082474,-0.156060606060606,-0.258527827648115,"-20%","LIVE CODE"
"E","0413","IRON WORKS",NA,9.7,9.95,9.01,7.43,6.51,4.72,-0.175360710321865,-0.123822341857335,-0.274961597542243,"-20%","LIVE CODE"
"E","0415","FABRICATED PLATE WORK",NA,4.93,5.25,4.77,4.18,3.62,2.77,-0.123689727463312,-0.133971291866029,-0.234806629834254,"-20%","LIVE CODE"
"E","0421","STEEL FOUNDRY",NA,8.37,9.03,8.5,7.89,7.18,5.66,-0.071764705882353,-0.0899873257287706,-0.211699164345404,"-20%","LIVE CODE"
"E","0425","IRON FOUNDRY, N.O.C.",NA,11.22,11.71,10.59,9.36,8.1,6.15,-0.11614730878187,-0.134615384615385,-0.240740740740741,"-20%","LIVE CODE"
"E","0427","MALLEABLE FOUNDRY",NA,5.79,6.05,5.54,5.04,4.55,3.64,-0.0902527075812274,-0.0972222222222222,-0.2,"-10-20%","LIVE CODE"
"E","0447","NONFERROUS METALS FOUNDRY",NA,7.26,7.52,6.67,5.67,4.73,3.44,-0.149925037481259,-0.165784832451499,-0.272727272727273,"-20%","LIVE CODE"
"E","0501","CEMENT MFG.",NA,4.66,5.17,4.95,4.63,4.2,3.28,-0.0646464646464647,-0.0928725701943844,-0.219047619047619,"-20%","LIVE CODE"
"E","0511","CONCRETE PRODUCTS MANUFACTURING",NA,8.47,8.91,8.12,7.17,6.29,4.85,-0.116995073891626,-0.122733612273361,-0.228934817170111,"-20%","LIVE CODE"
"E","0512","BRICK MFG.",NA,7.13,7.29,6.45,5.54,4.68,3.49,-0.141085271317829,-0.155234657039711,-0.254273504273504,"-20%","LIVE CODE"
"E","0544","MANUFACTURING LIGHT INDUSTRIAL OPERATIONS (8/1/08)",NA,9.35,9.7,8.91,7.86,6.83,NA,-0.117845117845118,-0.131043256997455,NA,"ERROR","RETIRED CODE"
"E","0581","OIL REFINING",NA,2.11,2.13,1.86,1.6,1.4,1.11,-0.139784946236559,-0.125,-0.207142857142857,"-20%","LIVE CODE"
"E","0605","RAILROAD CONSTRUCTION",NA,10.03,10.12,9.34,8.38,7.55,6.16,-0.102783725910064,-0.0990453460620526,-0.184105960264901,"-10-20%","LIVE CODE"
"E","0611","PILE DRIVING",NA,12.39,12.68,11.72,10.63,9.66,7.85,-0.0930034129692833,-0.0912511759172154,-0.187370600414079,"-10-20%","LIVE CODE"
"E","0646","FURNITURE OR FIXTURE INSTALLATION",NA,7.43,7.65,7,6.12,5.44,4.33,-0.125714285714286,-0.111111111111111,-0.204044117647059,"-20%","LIVE CODE"
"E","0648","CABINET WORK-INSTALLATION",NA,6.62,6.46,5.81,5.02,4.47,3.6,-0.135972461273666,-0.109561752988048,-0.194630872483221,"-10-20%","LIVE CODE"
"E","0649","CEILING INSTALLATION",NA,4.25,4.42,4.3,4.22,4,3.39,-0.0186046511627908,-0.0521327014218009,-0.1525,"-10-20%","LIVE CODE"
"E","0660","ALARM OR SOUND SYSTEM",NA,2.86,2.77,2.42,2.2,1.92,1.53,-0.0909090909090908,-0.127272727272727,-0.203125,"-20%","LIVE CODE"
"E","0661","ELECTRICAL WIRING",NA,3.76,3.78,3.39,3.07,2.71,2.16,-0.0943952802359883,-0.117263843648208,-0.202952029520295,"-20%","LIVE CODE"
"E","0662","APPLIANCE - SERVICE OR REPAIR",NA,6.31,6.72,6.38,6.31,5.95,5.05,-0.0109717868338558,-0.0570522979397781,-0.151260504201681,"-10-20%","LIVE CODE"
"E","0663","PLUMBING",NA,5.23,4.93,4.38,3.91,3.45,2.76,-0.107305936073059,-0.117647058823529,-0.2,"-20%","LIVE CODE"
"E","0664","HEATING OR VENTILATING",NA,6.45,6.41,5.63,4.71,3.98,3.09,-0.163410301953819,-0.154989384288747,-0.223618090452261,"-20%","LIVE CODE"
"E","0666","PLATE GLASS INSTALLATION",NA,8.83,9.18,8.66,7.93,7.25,5.93,-0.084295612009238,-0.085750315258512,-0.182068965517241,"-10-20%","LIVE CODE"
"E","0668","TILE STONE MOSAIC OR TERRAZO WORK",NA,7.89,8.54,8.28,8.02,7.46,6.35,-0.0314009661835749,-0.0698254364089775,-0.148793565683646,"-10-20%","LIVE CODE"
"E","0670","HOUSE FURNISHINGS INSTALLATION",NA,6.74,6.97,6.39,6.4,6.03,5.07,0.00156494522691708,-0.0578125,-0.159203980099502,"-10-20%","LIVE CODE"
"E","0674","SWIMMING POOL CONSTRUCTION",NA,6.56,6.78,6.33,5.74,5.24,4.32,-0.0932069510268562,-0.0871080139372822,-0.175572519083969,"-10-20%","LIVE CODE"
"E","0676","SHEET METAL INSTALLATION",NA,5.9,6.08,5.69,5.31,4.82,4.02,-0.0667838312829527,-0.0922787193973633,-0.16597510373444,"-10-20%","LIVE CODE"
"E","0682","EMPLOYMENT CONTRACTOR - CONSTRUCTION ERECTION OPERATIONS (8/1/08)",NA,19.9,19.7,17.02,15.77,13.39,NA,-0.0734430082256169,-0.150919467343056,NA,"ERROR","RETIRED CODE"
"E","0695","EMPLOYMENT CONTRACTOR - ELECTRICAL WIRING (8/1/08)",NA,3.76,3.78,3.39,2.99,2.64,NA,-0.117994100294985,-0.117056856187291,NA,"ERROR","RETIRED CODE"
"E","0716","MARINA",NA,3.37,3.44,3.21,2.97,2.77,2.3,-0.0747663551401868,-0.0673400673400674,-0.169675090252708,"-10-20%","LIVE CODE"
"E","0718","BOAT BUILDING OR REPAIR (0718)",NA,3.64,3.7,3.4,3.07,2.8,2.3,-0.0970588235294118,-0.0879478827361564,-0.178571428571429,"-10-20%","LIVE CODE"
"E","0751","GAS UTILITY",NA,3.43,3.33,2.75,2.14,1.67,1.16,-0.221818181818182,-0.219626168224299,-0.305389221556886,"-20%","LIVE CODE"
"E","0757","TELECOMMUNICATIONS COMPANY",NA,2.85,2.97,2.84,2.57,2.28,1.79,-0.0950704225352113,-0.11284046692607,-0.214912280701754,"-20%","LIVE CODE"
"E","0759","CABLE TELEVISION OPERATIONS",NA,6.68,7.45,7.05,6.36,5.57,4.36,-0.0978723404255318,-0.124213836477987,-0.217235188509874,"-20%","LIVE CODE"
"E","0801","STABLES",NA,9.86,10.22,9.25,8.29,7.22,5.47,-0.103783783783784,-0.129071170084439,-0.242382271468144,"-20%","LIVE CODE"
"E","0802","MOBILE CRANE RENTAL WITH OPERATOR",NA,8.64,8.23,6.95,5.78,4.73,3.42,-0.168345323741007,-0.181660899653979,-0.276955602536998,"-20%","LIVE CODE"
"E","0803","TAXICAB COMPANIES",NA,22.58,21.87,18.85,16.1,13.51,10.31,-0.145888594164456,-0.160869565217391,-0.236861584011843,"-20%","LIVE CODE"
"E","0804","SCHOOL TRANSPORTATION",NA,3.93,3.86,3.49,3.18,2.86,2.27,-0.0888252148997135,-0.10062893081761,-0.206293706293706,"-20%","LIVE CODE"
"E","0805","MILK HAULING - BY CONTRACTOR",NA,7.42,7.45,6.58,5.79,5.06,3.87,-0.120060790273556,-0.126079447322971,-0.235177865612648,"-20%","LIVE CODE"
"E","0806","FURNITURE MOVING AND/OR STORAGE",NA,12.5,12.73,11.52,10.43,9.19,7,-0.0946180555555556,-0.11888782358581,-0.238302502720348,"-20%","LIVE CODE"
"E","0807","AMBULANCE SERV-SALARIED EMPLOYEES",NA,7.79,7.72,6.76,5.94,5.07,3.78,-0.121301775147929,-0.146464646464647,-0.254437869822485,"-20%","LIVE CODE"
"E","0808","PARCEL DELIVERY COMPANY",NA,8.47,7.81,6.66,5.84,5.05,3.95,-0.123123123123123,-0.13527397260274,-0.217821782178218,"-20%","LIVE CODE"
"E","0811","TRUCKING N.O.C.",NA,9.4,9.24,8.47,7.72,6.93,5.54,-0.0885478158205432,-0.102331606217617,-0.200577200577201,"-20%","LIVE CODE"
"E","0817","BUS OPERATION",NA,9.72,10.22,9.7,9.22,8.41,5.66,-0.0494845360824741,-0.0878524945770065,-0.326991676575505,"-20%","LIVE CODE"
"E","0828","PARATRANSIT SERVICE",NA,10.63,10.37,8.96,7.65,6.52,4.92,-0.146205357142857,-0.147712418300654,-0.245398773006135,"-20%","LIVE CODE"
"E","0855","LUMBER AND BUILDING MAT. DEALER",NA,7,6.78,6.01,5.37,4.65,3.6,-0.10648918469218,-0.134078212290503,-0.225806451612903,"-20%","LIVE CODE"
"E","0857","METAL SERVICE CENTER",NA,7.54,7.21,6.16,5.25,4.4,3.24,-0.147727272727273,-0.161904761904762,-0.263636363636364,"-20%","LIVE CODE"
"E","0859","NONFERROUS SCRAP METAL DEALER",NA,9.91,9.68,8.43,7.38,6.35,4.8,-0.124555160142349,-0.139566395663957,-0.244094488188976,"-20%","LIVE CODE"
"E","0860","JUNK DEALER",NA,10.86,10.55,9.11,7.79,6.55,4.83,-0.144895718990121,-0.159178433889602,-0.262595419847328,"-20%","LIVE CODE"
"E","0862","RECYCLING CENTER",NA,9.58,9.39,8.24,7.26,6.31,4.81,-0.118932038834952,-0.130853994490358,-0.237717908082409,"-20%","LIVE CODE"
"E","0903","LABOR UNION",NA,0.48,0.45,0.37,0.31,0.25,0.17,-0.162162162162162,-0.193548387096774,-0.32,"-20%","LIVE CODE"
"E","0904","INVESTIGATIVE AGENCY",NA,1.73,1.74,1.57,1.43,1.28,1,-0.0891719745222931,-0.104895104895105,-0.21875,"-20%","LIVE CODE"
"E","0951","SALESPERSON - OUTSIDE",NA,0.6,0.59,0.51,0.47,0.42,0.33,-0.0784313725490197,-0.106382978723404,-0.214285714285714,"-20%","LIVE CODE"
"E","0954","SECURITY AGENCY",NA,3.69,3.56,3.08,2.75,2.4,1.84,-0.107142857142857,-0.127272727272727,-0.233333333333333,"-20%","LIVE CODE"
"E","0966","TV, AUDIO/VIDEO EQUIPMENT SERVICE",NA,3.15,3.43,3.33,3.1,2.83,2.25,-0.0690690690690691,-0.0870967741935484,-0.204946996466431,"-20%","LIVE CODE"
"E","0980","CITY, TOWN, VILLAGE",NA,4.76,4.59,4.03,3.55,3.04,2.29,-0.119106699751861,-0.143661971830986,-0.246710526315789,"-20%","LIVE CODE"
"E","0985","POLICE OR FIREFIGHTERS - SALARIED",NA,5.25,5.04,4.36,3.83,3.3,2.53,-0.121559633027523,-0.138381201044386,-0.233333333333333,"-20%","LIVE CODE"
"E","0992","SANITARY COMPANY",NA,5.22,5.23,4.79,4.35,3.9,3.03,-0.0918580375782881,-0.103448275862069,-0.223076923076923,"-20%","LIVE CODE"
"E","4777","EXPLOSIVES DISTRIBUTOR (8/1/08)",NA,9.4,9.24,8.47,7.72,6.93,NA,-0.0885478158205432,-0.102331606217617,NA,"ERROR","RETIRED CODE"
"E","7405","AIRCRAFT OPERATION (6/1/02)",NA,2.48,2.41,2.13,1.87,1.63,NA,-0.12206572769953,-0.128342245989305,NA,"ERROR","RETIRED CODE"
"E","7428","AIRPORT OPERATION (6/1/02)",NA,2.33,2.22,2.03,1.89,1.67,NA,-0.0689655172413792,-0.116402116402116,NA,"ERROR","RETIRED CODE"
"F","0005","TREE PRUNING",NA,21.31,20.5,17.54,14.87,12.41,9.05,-0.152223489167617,-0.165433759246806,-0.27074939564867,"-20%","LIVE CODE"
"F","0055","SAND EXCAVATION",NA,5.38,5.5,5.07,4.61,4.24,3.49,-0.0907297830374754,-0.0802603036876356,-0.17688679245283,"-10-20%","LIVE CODE"
"F","0301","SAW MILL",NA,8.3,8.7,8.03,7.23,6.34,4.84,-0.0996264009962639,-0.123098201936376,-0.236593059936908,"-20%","LIVE CODE"
"F","0507","GRAPHITE PRODUCTS MFG.",NA,3.53,3.65,3.28,2.84,2.41,1.78,-0.134146341463415,-0.151408450704225,-0.261410788381743,"-20%","LIVE CODE"
"F","0551","CHEMICAL MFG., N. O. C.",NA,1.97,2,1.76,1.54,1.28,0.94,-0.125,-0.168831168831169,-0.265625,"-20%","LIVE CODE"
"F","0573","FERTILIZER MFG.",NA,5.76,6.15,5.62,4.91,4.22,3.18,-0.126334519572954,-0.140529531568228,-0.246445497630332,"-20%","LIVE CODE"
"F","0602","ROAD CONSTRUCTION",NA,6.89,6.59,NA,NA,NA,NA,NA,NA,NA,"ERROR","ANCIENT CODE"
"F","0603","SEWER CONSTRUCTION",NA,9.79,9.4,8.36,7.28,6.35,5.15,-0.129186602870813,-0.127747252747253,-0.188976377952756,"-10-20%","LIVE CODE"
"F","0607","DRILLING",NA,8.27,7.46,5.96,4.51,3.62,2.59,-0.243288590604027,-0.197339246119734,-0.284530386740332,"-20%","LIVE CODE"
"F","0608","FLAT CEMENT WORK",NA,6.91,6.78,5.85,5.04,4.29,3.41,-0.138461538461538,-0.148809523809524,-0.205128205128205,"-20%","LIVE CODE"
"F","0609","EXCAVATION",NA,6.39,6.17,5.57,4.73,4.22,3.42,-0.1508078994614,-0.107822410147992,-0.18957345971564,"-10-20%","LIVE CODE"
"F","0617","GAS STEAM WATER MAIN CONSTRUCTION",NA,6.24,5.63,4.77,4.25,3.66,2.97,-0.109014675052411,-0.138823529411765,-0.188524590163934,"-10-20%","LIVE CODE"
"F","0625","CONDUIT CONSTRUCTION",NA,7.64,7.5,6.75,5.87,5.15,4.1,-0.13037037037037,-0.122657580919932,-0.203883495145631,"-20%","LIVE CODE"
"F","0645","WALLBOARD INSTALLATION",NA,8.57,8.45,7.59,6.59,5.66,4.38,-0.131752305665349,-0.141122913505311,-0.226148409893993,"-20%","LIVE CODE"
"F","0651","CARPENTRY - COMMERCIAL",NA,7.57,7.47,6.66,5.67,4.89,3.85,-0.148648648648649,-0.137566137566138,-0.212678936605317,"-20%","LIVE CODE"
"F","0652","CARPENTRY - RESIDENTIAL",NA,10.29,10.17,9.83,8.75,7.96,6.52,-0.109867751780265,-0.0902857142857143,-0.180904522613065,"-10-20%","LIVE CODE"
"F","0653","MASONRY",NA,9.25,8.7,7.91,6.78,6.16,4.9,-0.142857142857143,-0.0914454277286135,-0.204545454545454,"-20%","LIVE CODE"
"F","0654","CONCRETE CONSTRUCTION",NA,7.66,7.36,6.55,5.55,4.72,3.72,-0.152671755725191,-0.14954954954955,-0.211864406779661,"-20%","LIVE CODE"
"F","0657","RIGGING N.O.C.",NA,11.14,11.35,10.5,9.52,8.64,7.04,-0.0933333333333334,-0.0924369747899159,-0.185185185185185,"-10-20%","LIVE CODE"
"F","0658","IRON ERECTION OR INSTALLATION",NA,12.02,12.31,11.4,10.24,9.06,7.35,-0.101754385964912,-0.115234375,-0.188741721854305,"-10-20%","LIVE CODE"
"F","0665","PAINTING",NA,10.34,9.84,8.73,7.47,6.5,5.1,-0.144329896907217,-0.129852744310576,-0.215384615384615,"-20%","LIVE CODE"
"F","0667","PAPER HANGING",NA,2.57,2.61,2.4,2.21,2,1.65,-0.0791666666666666,-0.0950226244343891,-0.175,"-10-20%","LIVE CODE"
"F","0669","PLASTERING",NA,9.19,9.34,8.56,7.63,6.94,5.77,-0.108644859813084,-0.09043250327654,-0.168587896253602,"-10-20%","LIVE CODE"
"F","0673","ADVERTISING SIGN MFG.",NA,6.95,7.19,6.74,6.51,5.95,4.93,-0.0341246290801187,-0.086021505376344,-0.171428571428571,"-10-20%","LIVE CODE"
"F","0675","MACHINERY OR EQUIPMENT ERECTION",NA,5.11,5.08,4.55,3.93,3.38,2.68,-0.136263736263736,-0.139949109414758,-0.207100591715976,"-20%","LIVE CODE"
"F","0679","ADVERTISING COMPANY, OUTDOOR",NA,10.31,10.55,9.74,9.38,8.5,6.97,-0.0369609856262834,-0.093816631130064,-0.18,"-10-20%","LIVE CODE"
"F","0681","CANVAS GOODS ERECTION",NA,6.74,6.97,6.39,6.4,6.03,5.07,0.00156494522691708,-0.0578125,-0.159203980099502,"-10-20%","LIVE CODE"
"F","0691","EMPLOYMENT CONTRACTOR - EXCAVATION (8/1/08)",NA,6.39,6.17,5.57,4.71,4.14,NA,-0.154398563734291,-0.121019108280255,NA,"ERROR","RETIRED CODE"
"F","0693","EMPLOYMENT CONTRACTOR - CARPENTRY (8/1/08)",NA,7.57,7.47,6.66,5.69,4.9,NA,-0.145645645645646,-0.13884007029877,NA,"ERROR","RETIRED CODE"
"F","0721","RAILROAD OPERATION, N.O.C.",NA,14.42,15.11,13.65,11.95,10.31,7.79,-0.124542124542125,-0.137238493723849,-0.244422890397672,"-20%","LIVE CODE"
"F","0755","ELECTRIC UTILITIES",NA,2.93,2.97,2.64,2.28,1.93,1.44,-0.136363636363636,-0.153508771929824,-0.253886010362694,"-20%","LIVE CODE"
"F","0809","FUEL DISTRIBUTION",NA,5.22,5.23,4.79,4.35,3.9,3.03,-0.0918580375782881,-0.103448275862069,-0.223076923076923,"-20%","LIVE CODE"
"F","0812","MAIL HAULING OR DELIVERY SERVICE",NA,8.98,9.18,8.32,7.53,6.7,5.22,-0.0949519230769231,-0.110225763612218,-0.22089552238806,"-20%","LIVE CODE"
"F","0858","FERROUS SCRAP METAL DEALER",NA,9.46,9.29,8.05,6.98,5.95,4.46,-0.132919254658385,-0.14756446991404,-0.250420168067227,"-20%","LIVE CODE"
"F","0939","CARNIVAL CIRCUS-TRAVELING",NA,7.32,7.2,6.34,5.59,4.88,3.75,-0.118296529968454,-0.12701252236136,-0.23155737704918,"-20%","LIVE CODE"
"F","0962","ACCOUNTING/FINANCIAL AUDIT FIRM",NA,0.18,0.18,0.16,0.14,0.12,0.08,-0.125,-0.142857142857143,-0.333333333333333,"-20%","LIVE CODE"
"F","0995","RUBBISH OR GARBAGE REMOVAL",NA,9.59,9.31,8.2,7.26,6.23,4.76,-0.114634146341463,-0.141873278236915,-0.235955056179775,"-20%","LIVE CODE"
"F","7421","AIRCRAFT OPERATION (8/1/11)",NA,1.43,1.27,1.13,1,0.86,NA,-0.115044247787611,-0.14,NA,"ERROR","RETIRED CODE"
"G","0009","LOGGING OR LUMBERING, N.O.C.",NA,31.43,30.54,26.51,23.08,19.79,14.83,-0.129385137683893,-0.142547660311958,-0.250631632137443,"-20%","LIVE CODE"
"G","0509","ASBESTOS GOODS MFG.",NA,8.49,8.85,7.98,6.98,6.02,4.55,-0.12531328320802,-0.137535816618911,-0.244186046511628,"-20%","LIVE CODE"
"G","0553","GASES-MFG.",NA,5.5,5.68,5.21,4.58,3.99,3.06,-0.120921305182342,-0.12882096069869,-0.233082706766917,"-20%","LIVE CODE"
"G","0601","ROAD CONSTRUCTION",NA,11.89,11.62,10.58,9.36,8.19,6.47,-0.11531190926276,-0.125,-0.21001221001221,"-20%","LIVE CODE"
"G","0615","TUNNELING OR SHAFT SINKING",NA,13.69,13.52,12.2,10.72,9.53,7.81,-0.121311475409836,-0.111007462686567,-0.180482686253935,"-10-20%","LIVE CODE"
"G","0643","ASBESTOS CONTRACTOR",NA,15.19,15.44,14.26,12.8,11.43,9.23,-0.102384291725105,-0.10703125,-0.192475940507437,"-10-20%","LIVE CODE"
"G","0655","IRON ERECTION",NA,18.72,18.56,16.39,13.82,11.69,9.01,-0.156802928615009,-0.154124457308249,-0.229255774165954,"-20%","LIVE CODE"
"G","0656","ELECTRIC LINE CONSTRUCTION",NA,9.6,9.44,8.32,7.01,6.01,4.7,-0.157451923076923,-0.14265335235378,-0.217970049916805,"-20%","LIVE CODE"
"G","0659","ROOFING",NA,23.32,23.63,21.61,18.93,16.63,13.27,-0.124016658954188,-0.121500264131009,-0.20204449789537,"-20%","LIVE CODE"
"G","0677","BOILER INSTALLATION OR REPAIR",NA,4.46,4.26,3.74,3.22,2.83,2.26,-0.13903743315508,-0.12111801242236,-0.201413427561838,"-20%","LIVE CODE"
"G","0709","TALLYMEN AND CHECKING CLERKS",NA,2.4,2.42,2.22,2,1.82,1.5,-0.0990990990990992,-0.09,-0.175824175824176,"-10-20%","LIVE CODE"
"G","0752","OIL OR GAS PIPELINE OPERATION",NA,1.46,1.5,1.34,1.19,1,0.74,-0.111940298507463,-0.159663865546218,-0.26,"-20%","LIVE CODE"
"G","0771","NON-RATEABLE ELEMENT - CLASS 4771",NA,1.01,1.13,1.08,1,0.89,0.7,-0.0740740740740742,-0.11,-0.213483146067416,"-20%","LIVE CODE"
"G","4771","EXPLOSIVES MFG (8/1/04)",NA,4.04,4.54,4.33,4.01,3.58,NA,-0.0739030023094689,-0.107231920199501,NA,"ERROR","RETIRED CODE"
"G","7413","AIRCRAFT OPERATION (6/1/02)",NA,1.18,1.05,0.92,0.83,0.72,NA,-0.0978260869565218,-0.132530120481928,NA,"ERROR","RETIRED CODE"
"G","7424","AIRCRAFT OPERATION, N.O.C. (6/1/02)",NA,3.37,3.01,2.65,2.37,2.05,NA,-0.105660377358491,-0.135021097046414,NA,"ERROR","RETIRED CODE"
"G","7445","NON-RATEABLE ELEMENT FOR CLASS 7405",NA,0.82,0.8,0.71,0.62,0.54,NA,-0.126760563380282,-0.129032258064516,NA,"ERROR","RETIRED CODE"
"G","7453","NON-RATEABLE ELEMENT FOR CLASS 7413",NA,0.26,0.23,0.19,0.18,0.15,NA,-0.0526315789473685,-0.166666666666667,NA,"ERROR","RETIRED CODE"
"C","0888","HOMEOWNERS ASSOCIATION",NA,NA,5.45,4.86,4.59,4.31,3.4,-0.0555555555555557,-0.0610021786492375,-0.211136890951276,"-20%","LIVE CODE"
"A","2319","FURNITURE ASSEMBLY - TEMPORARY STAFFING",NA,NA,NA,NA,NA,NA,6.95,NA,NA,NA,"ERROR","NEW CODE"
"A","2502","PLASTER STATUARY MFG-TEMPORARY STAFFING",NA,NA,NA,NA,NA,NA,6.2,NA,NA,NA,"ERROR","NEW CODE"
"B","2011","FLOWER RAISING-TEMPORARY STAFFING",NA,NA,NA,NA,NA,NA,4.16,NA,NA,NA,"ERROR","NEW CODE"
"B","2104","FOOD PRODUCTS MFG - TEMPORARY STAFFING",NA,NA,NA,NA,NA,NA,3.56,NA,NA,NA,"ERROR","NEW CODE"
"B","2107","CANDY MFG. - TEMPORARY STAFFING",NA,NA,NA,NA,NA,NA,3.02,NA,NA,NA,"ERROR","NEW CODE"
"B","2110","ICE CREAM MFG. - TEMPORARY STAFFING",NA,NA,NA,NA,NA,NA,5.67,NA,NA,NA,"ERROR","NEW CODE"
"B","2141","LAUNDRY, N.O.C. - TEMPORARY STAFFING",NA,NA,NA,NA,NA,NA,4.41,NA,NA,NA,"ERROR","NEW CODE"
"B","2165","MATTRESS MFG. - TEMPORARY STAFFING",NA,NA,NA,NA,NA,NA,6.95,NA,NA,NA,"ERROR","NEW CODE"
"B","2204","SHOE MFG. - TEMPORARY STAFFING",NA,NA,NA,NA,NA,NA,5.82,NA,NA,NA,"ERROR","NEW CODE"
"B","2205","LEATHER GOODS MFG. - TEMPORARY STAFFING",NA,NA,NA,NA,NA,NA,5.46,NA,NA,NA,"ERROR","NEW CODE"
"B","2281","PRINTING N.O.C. - TEMPORARY STAFFING",NA,NA,NA,NA,NA,NA,2.63,NA,NA,NA,"ERROR","NEW CODE"
"B","2285","PRINTING - SHEET FED - TEMPORARY STAFFING",NA,NA,NA,NA,NA,NA,3.91,NA,NA,NA,"ERROR","NEW CODE"
"B","2306","WOOD TURNED PRODUCTS - TEMPORARY STAFFING",NA,NA,NA,NA,NA,NA,6.95,NA,NA,NA,"ERROR","NEW CODE"
"B","2309","WOODENWARE MFG. - TEMPORARY STAFFING",NA,NA,NA,NA,NA,NA,5.22,NA,NA,NA,"ERROR","NEW CODE"
"B","2446","MACHINED PARTS MFG. - TEMPORARY STAFFING",NA,NA,NA,NA,NA,NA,3.57,NA,NA,NA,"ERROR","NEW CODE"
"B","2458","JEWELRY MFG. - TEMPORARY STAFFING",NA,NA,NA,NA,NA,NA,3.57,NA,NA,NA,"ERROR","NEW CODE"
"B","2467","BALL BEARING MFG. - TEMPORARY STAFFING",NA,NA,NA,NA,NA,NA,6.95,NA,NA,NA,"ERROR","NEW CODE"
"B","2471","PRINTED CIRCUIT BOARD-TEMPORARY STAFFING",NA,NA,NA,NA,NA,NA,3.57,NA,NA,NA,"ERROR","NEW CODE"
"B","2472","ELECTRONIC COMPONENT - TEMPORARY STAFFING",NA,NA,NA,NA,NA,NA,1.17,NA,NA,NA,"ERROR","NEW CODE"
"B","2473","ELECTR APPARATUS MFG-TEMPORARY STAFFING",NA,NA,NA,NA,NA,NA,4.19,NA,NA,NA,"ERROR","NEW CODE"
"B","2483","OFFICE MACHINE MFG.-TEMPORARY STAFFING",NA,NA,NA,NA,NA,NA,3.57,NA,NA,NA,"ERROR","NEW CODE"
"B","2485","COMMUNICATIONS EQUIP-TEMPORARY STAFFING",NA,NA,NA,NA,NA,NA,3.57,NA,NA,NA,"ERROR","NEW CODE"
"B","2488","ELEC MEASUR EQPT MFG-TEMPORARY STAFFING",NA,NA,NA,NA,NA,NA,3.57,NA,NA,NA,"ERROR","NEW CODE"
"B","2489","DENTAL LABORATORY - TEMPORARY STAFFING",NA,NA,NA,NA,NA,NA,3.57,NA,NA,NA,"ERROR","NEW CODE"
"B","2513","POTTERY, N.O.C. - TEMPORARY STAFFING",NA,NA,NA,NA,NA,NA,5.82,NA,NA,NA,"ERROR","NEW CODE"
"B","2555","DRUG MFG. - TEMPORARY STAFFING",NA,NA,NA,NA,NA,NA,3.57,NA,NA,NA,"ERROR","NEW CODE"
"C","2013","NURSERY-TEMPORARY STAFFING",NA,NA,NA,NA,NA,NA,4.41,NA,NA,NA,"ERROR","NEW CODE"
"C","2106","PROCESSED MEAT MFG. - TEMPORARY STAFFING",NA,NA,NA,NA,NA,NA,6.95,NA,NA,NA,"ERROR","NEW CODE"
"C","2108","BREWERY - TEMPORARY STAFFING",NA,NA,NA,NA,NA,NA,5.3,NA,NA,NA,"ERROR","NEW CODE"
"C","2109","DAIRY PRODUCTS MFG. - TEMPORARY STAFFING",NA,NA,NA,NA,NA,NA,6.95,NA,NA,NA,"ERROR","NEW CODE"
"C","2111","SLAUGHTERHOUSE - TEMPORARY STAFFING",NA,NA,NA,NA,NA,NA,6.95,NA,NA,NA,"ERROR","NEW CODE"
"C","2112","CARBONATED BEVERAGE - TEMPORARY STAFFING",NA,NA,NA,NA,NA,NA,6.95,NA,NA,NA,"ERROR","NEW CODE"
"C","2113","PRESERVING OF FOOD - TEMPORARY STAFFING",NA,NA,NA,NA,NA,NA,3.87,NA,NA,NA,"ERROR","NEW CODE"
"C","2119","MEAT PRODUCTS N.O.C. - TEMPORARY STAFFING",NA,NA,NA,NA,NA,NA,6.47,NA,NA,NA,"ERROR","NEW CODE"
"C","2132","SPINNING OR WEAVING - TEMPORARY STAFFING",NA,NA,NA,NA,NA,NA,3.57,NA,NA,NA,"ERROR","NEW CODE"
"C","2134","KNIT GOODS MFG. - TEMPORARY STAFFING",NA,NA,NA,NA,NA,NA,5.74,NA,NA,NA,"ERROR","NEW CODE"
"C","2135","HOSIERY MFG. - TEMPORARY STAFFING",NA,NA,NA,NA,NA,NA,4.71,NA,NA,NA,"ERROR","NEW CODE"
"C","2136","EMBROIDERY MFG. - TEMPORARY STAFFING",NA,NA,NA,NA,NA,NA,5.34,NA,NA,NA,"ERROR","NEW CODE"
"C","2139","DYEING - TEMPORARY STAFFING",NA,NA,NA,NA,NA,NA,6.95,NA,NA,NA,"ERROR","NEW CODE"
"C","2142","DRY CLEANING PLANT - TEMPORARY STAFFING",NA,NA,NA,NA,NA,NA,4.39,NA,NA,NA,"ERROR","NEW CODE"
"C","2161","APPAREL MFG. - TEMPORARY STAFFING",NA,NA,NA,NA,NA,NA,2.31,NA,NA,NA,"ERROR","NEW CODE"
"C","2163","TEXTILE PRODUCTS - TEMPORARY STAFFING",NA,NA,NA,NA,NA,NA,6.95,NA,NA,NA,"ERROR","NEW CODE"
"C","2166","CANVAS PRODUCTS MFG. - TEMPORARY STAFFING",NA,NA,NA,NA,NA,NA,6.02,NA,NA,NA,"ERROR","NEW CODE"
"C","2221","INJECTION MOLDING - TEMPORARY STAFFING",NA,NA,NA,NA,NA,NA,2.42,NA,NA,NA,"ERROR","NEW CODE"
"C","2222","PLASTIC ARTICLES - TEMPORARY STAFFING",NA,NA,NA,NA,NA,NA,3.89,NA,NA,NA,"ERROR","NEW CODE"
"C","2225","RUBBER GOODS MFG. - TEMPORARY STAFFING",NA,NA,NA,NA,NA,NA,4.61,NA,NA,NA,"ERROR","NEW CODE"
"C","2227","OILCLOTH MFG. - TEMPORARY STAFFING",NA,NA,NA,NA,NA,NA,3.57,NA,NA,NA,"ERROR","NEW CODE"
"C","2257","BOX MFG. - PAPER - TEMPORARY STAFFING",NA,NA,NA,NA,NA,NA,4.63,NA,NA,NA,"ERROR","NEW CODE"
"C","2259","PAPER PRODUCTS N.O.C.-TEMPORARY STAFFING",NA,NA,NA,NA,NA,NA,4.17,NA,NA,NA,"ERROR","NEW CODE"
"C","2261","CORRUGATED PAPER BOX - TEMPORARY STAFFING",NA,NA,NA,NA,NA,NA,5.24,NA,NA,NA,"ERROR","NEW CODE"
"C","2263","PAPER COATING - TEMPORARY STAFFING",NA,NA,NA,NA,NA,NA,3.62,NA,NA,NA,"ERROR","NEW CODE"
"C","2265","STATIONARY PRODUCTS - TEMPORARY STAFFING",NA,NA,NA,NA,NA,NA,4.68,NA,NA,NA,"ERROR","NEW CODE"
"C","2311","CABINET WORKS - TEMPORARY STAFFING",NA,NA,NA,NA,NA,NA,5.45,NA,NA,NA,"ERROR","NEW CODE"
"C","2323","FURNITURE MFG. - WOOD -TEMPORARY STAFFING",NA,NA,NA,NA,NA,NA,6.82,NA,NA,NA,"ERROR","NEW CODE"
"C","2327","FURNITURE UPHOLSTERING-TEMPORARY STAFFING",NA,NA,NA,NA,NA,NA,5.45,NA,NA,NA,"ERROR","NEW CODE"
"C","2403","NONFERROUS METALS - TEMPORARY STAFFING",NA,NA,NA,NA,NA,NA,3.09,NA,NA,NA,"ERROR","NEW CODE"
"C","2407","TUBE OR PIPE MFG. - TEMPORARY STAFFING",NA,NA,NA,NA,NA,NA,6.38,NA,NA,NA,"ERROR","NEW CODE"
"C","2416","CAR MFG, RAILROAD - TEMPORARY STAFFING",NA,NA,NA,NA,NA,NA,3.79,NA,NA,NA,"ERROR","NEW CODE"
"C","2431","FORGING - TEMPORARY STAFFING",NA,NA,NA,NA,NA,NA,6.95,NA,NA,NA,"ERROR","NEW CODE"
"C","2433","TOOL MFG. - FORGED - TEMPORARY STAFFING",NA,NA,NA,NA,NA,NA,6.26,NA,NA,NA,"ERROR","NEW CODE"
"C","2435","SPRING MFG.-HOT WOUND-TEMPORARY STAFFING",NA,NA,NA,NA,NA,NA,6.83,NA,NA,NA,"ERROR","NEW CODE"
"C","2441","TOOL MFG., N.O.C. - TEMPORARY STAFFING",NA,NA,NA,NA,NA,NA,3.57,NA,NA,NA,"ERROR","NEW CODE"
"C","2445","HARDWARE MFG. - TEMPORARY STAFFING",NA,NA,NA,NA,NA,NA,4.13,NA,NA,NA,"ERROR","NEW CODE"
"C","2454","SHEET METAL SHOP - TEMPORARY STAFFING",NA,NA,NA,NA,NA,NA,6.95,NA,NA,NA,"ERROR","NEW CODE"
"C","2457","WIRE GOODS MFG. - TEMPORARY STAFFING",NA,NA,NA,NA,NA,NA,5.79,NA,NA,NA,"ERROR","NEW CODE"
"C","2459","EYELET MFG. - TEMPORARY STAFFING",NA,NA,NA,NA,NA,NA,3.57,NA,NA,NA,"ERROR","NEW CODE"
"C","2464","MACHINERY MFG., N.O.C.-TEMPORARY STAFFING",NA,NA,NA,NA,NA,NA,5.13,NA,NA,NA,"ERROR","NEW CODE"
"C","2474","ELECTRIC POWER EQPT-TEMPORARY STAFFING",NA,NA,NA,NA,NA,NA,3.57,NA,NA,NA,"ERROR","NEW CODE"
"C","2476","IND CONTROL SYSTEMS - TEMPORARY STAFFING",NA,NA,NA,NA,NA,NA,3.57,NA,NA,NA,"ERROR","NEW CODE"
"C","2477","ELECTRIC MOTOR MFG. - TEMPORARY STAFFING",NA,NA,NA,NA,NA,NA,3.57,NA,NA,NA,"ERROR","NEW CODE"
"C","2486","LIGHT BULB MFG -TEMPORARY STAFFING",NA,NA,NA,NA,NA,NA,3.57,NA,NA,NA,"ERROR","NEW CODE"
"C","2487","SURGICAL INSTR MFG -TEMPORARY STAFFING",NA,NA,NA,NA,NA,NA,3.57,NA,NA,NA,"ERROR","NEW CODE"
"C","2506","POWDER METAL PRODUCTS-TEMPORARY STAFFING",NA,NA,NA,NA,NA,NA,3.57,NA,NA,NA,"ERROR","NEW CODE"
"C","2535","GLASS MFG. - TEMPORARY STAFFING",NA,NA,NA,NA,NA,NA,5.22,NA,NA,NA,"ERROR","NEW CODE"
"C","2536","GLASS PRODUCTS MFG-TEMPORARY STAFFING",NA,NA,NA,NA,NA,NA,6.95,NA,NA,NA,"ERROR","NEW CODE"
"C","2563","PAINT OR COLORS MFG.-TEMPORARY STAFFING",NA,NA,NA,NA,NA,NA,1.5,NA,NA,NA,"ERROR","NEW CODE"
"C","2571","SOAP MFG. - TEMPORARY STAFFING",NA,NA,NA,NA,NA,NA,4.59,NA,NA,NA,"ERROR","NEW CODE"
"C","2753","WATERWORKS - TEMPORARY STAFFING",NA,NA,NA,NA,NA,NA,4.41,NA,NA,NA,"ERROR","NEW CODE"
"C","2814","MOBILE EQPT DEALER-TEMPORARY STAFFING",NA,NA,NA,NA,NA,NA,4.41,NA,NA,NA,"ERROR","NEW CODE"
"D","2012","LANDSCAPE CONTRACTOR-TEMPORARY STAFFING",NA,NA,NA,NA,NA,NA,4.41,NA,NA,NA,"ERROR","NEW CODE"
"D","2105","BAKERY, WHOLESALE - TEMPORARY STAFFING",NA,NA,NA,NA,NA,NA,6.95,NA,NA,NA,"ERROR","NEW CODE"
"D","2115","TOBACCO PRODUCTS MFG - TEMPORARY STAFFING",NA,NA,NA,NA,NA,NA,4.53,NA,NA,NA,"ERROR","NEW CODE"
"D","2201","TANNING - TEMPORARY STAFFING",NA,NA,NA,NA,NA,NA,6.95,NA,NA,NA,"ERROR","NEW CODE"
"D","2282","NEWSPAPER PRINTING - TEMPORARY STAFFING",NA,NA,NA,NA,NA,NA,6.95,NA,NA,NA,"ERROR","NEW CODE"
"D","2305","CARPENTRY SHOP - TEMPORARY STAFFING",NA,NA,NA,NA,NA,NA,6.95,NA,NA,NA,"ERROR","NEW CODE"
"D","2429","DIE CASTING MFG. - TEMPORARY STAFFING",NA,NA,NA,NA,NA,NA,6.95,NA,NA,NA,"ERROR","NEW CODE"
"D","2449","ELECTROPLATING - TEMPORARY STAFFING",NA,NA,NA,NA,NA,NA,4.04,NA,NA,NA,"ERROR","NEW CODE"
"D","2451","AUTOMOBILE BODY MFG. - TEMPORARY STAFFING",NA,NA,NA,NA,NA,NA,3.77,NA,NA,NA,"ERROR","NEW CODE"
"D","2456","METAL FURNITURE MFG. - TEMPORARY STAFFING",NA,NA,NA,NA,NA,NA,6.95,NA,NA,NA,"ERROR","NEW CODE"
"D","2461","MACHINE SHOP - TEMPORARY STAFFING",NA,NA,NA,NA,NA,NA,6.46,NA,NA,NA,"ERROR","NEW CODE"
"D","2463","AUTOMOBILE MFG. - TEMPORARY STAFFING",NA,NA,NA,NA,NA,NA,5.23,NA,NA,NA,"ERROR","NEW CODE"
"D","2465","CONVEYOR MFG. - TEMPORARY STAFFING",NA,NA,NA,NA,NA,NA,5.84,NA,NA,NA,"ERROR","NEW CODE"
"D","2475","BATTERY MFG. - TEMPORARY STAFFING",NA,NA,NA,NA,NA,NA,2.86,NA,NA,NA,"ERROR","NEW CODE"
"D","2647","INSULATION WORK - TEMPORARY STAFFING",NA,NA,NA,NA,NA,NA,14.05,NA,NA,NA,"ERROR","NEW CODE"
"D","2744","AIRCRAFT MFG. - TEMPORARY STAFFING",NA,NA,NA,NA,NA,NA,3.57,NA,NA,NA,"ERROR","NEW CODE"
"D","2813","WAREHOUSING - TEMPORARY STAFFING",NA,NA,NA,NA,NA,NA,4.11,NA,NA,NA,"ERROR","NEW CODE"
"D","2815","AUTO SERVICE CENTER-TEMPORARY STAFFING",NA,NA,NA,NA,NA,NA,4.08,NA,NA,NA,"ERROR","NEW CODE"
"D","2816","GASOLINE STATION-TEMPORARY STAFFING",NA,NA,NA,NA,NA,NA,3.4,NA,NA,NA,"ERROR","NEW CODE"
"D","2818","AUTOMOBILE DEALER-TEMPORARY STAFFING",NA,NA,NA,NA,NA,NA,2.27,NA,NA,NA,"ERROR","NEW CODE"
"E","2015","LOGGING-MECHANIZED-TEMPORARY STAFFING",NA,NA,NA,NA,NA,NA,6.35,NA,NA,NA,"ERROR","NEW CODE"
"E","2059","MINERAL MILLING - TEMPORARY STAFFING",NA,NA,NA,NA,NA,NA,6.53,NA,NA,NA,"ERROR","NEW CODE"
"E","2101","GRAIN MILLING - TEMPORARY STAFFING",NA,NA,NA,NA,NA,NA,5.43,NA,NA,NA,"ERROR","NEW CODE"
"E","2114","RENDERING WORKS - TEMPORARY STAFFING",NA,NA,NA,NA,NA,NA,6.95,NA,NA,NA,"ERROR","NEW CODE"
"E","2130","TEXTILE WASTE MFG. - TEMPORARY STAFFING",NA,NA,NA,NA,NA,NA,6.95,NA,NA,NA,"ERROR","NEW CODE"
"E","2255","PAPER OR PULP MFG. - TEMPORARY STAFFING",NA,NA,NA,NA,NA,NA,4.61,NA,NA,NA,"ERROR","NEW CODE"
"E","2402","SMELTING - NONFERROUS-TEMPORARY STAFFING",NA,NA,NA,NA,NA,NA,6.95,NA,NA,NA,"ERROR","NEW CODE"
"E","2404","STEEL MFG. - TEMPORARY STAFFING",NA,NA,NA,NA,NA,NA,5.33,NA,NA,NA,"ERROR","NEW CODE"
"E","2406","ROLLING MILL-FERROUS-TEMPORARY STAFFING",NA,NA,NA,NA,NA,NA,6.17,NA,NA,NA,"ERROR","NEW CODE"
"E","2411","STEEL FABRICATING - TEMPORARY STAFFING",NA,NA,NA,NA,NA,NA,6.95,NA,NA,NA,"ERROR","NEW CODE"
"E","2413","IRON WORKS-ORNAMENTAL-TEMPORARY STAFFING",NA,NA,NA,NA,NA,NA,6.95,NA,NA,NA,"ERROR","NEW CODE"
"E","2415","FABRICATED PLATE WORK-TEMPORARY STAFFING",NA,NA,NA,NA,NA,NA,5.84,NA,NA,NA,"ERROR","NEW CODE"
"E","2421","STEEL FOUNDRY - TEMPORARY STAFFING",NA,NA,NA,NA,NA,NA,6.95,NA,NA,NA,"ERROR","NEW CODE"
"E","2425","IRON FOUNDRY, N.O.C. - TEMPORARY STAFFING",NA,NA,NA,NA,NA,NA,6.95,NA,NA,NA,"ERROR","NEW CODE"
"E","2427","MALLEABLE IRON FOUNDRY-TEMPORARY STAFFING",NA,NA,NA,NA,NA,NA,6.95,NA,NA,NA,"ERROR","NEW CODE"
"E","2447","NONFERROUS METALS FDRY-TEMPORARY STAFFING",NA,NA,NA,NA,NA,NA,6.95,NA,NA,NA,"ERROR","NEW CODE"
"E","2501","CEMENT MFG. - TEMPORARY STAFFING",NA,NA,NA,NA,NA,NA,6.95,NA,NA,NA,"ERROR","NEW CODE"
"E","2511","CONCRETE PRODUCTS MFG-TEMPORARY STAFFING",NA,NA,NA,NA,NA,NA,6.95,NA,NA,NA,"ERROR","NEW CODE"
"E","2512","BRICK MFG. - TEMPORARY STAFFING",NA,NA,NA,NA,NA,NA,6.95,NA,NA,NA,"ERROR","NEW CODE"
"E","2581","OIL REFINING - TEMPORARY STAFFING",NA,NA,NA,NA,NA,NA,3.78,NA,NA,NA,"ERROR","NEW CODE"
"E","2605","RAILROAD CONSTRUCTION-TEMPORARY STAFFING",NA,NA,NA,NA,NA,NA,14.05,NA,NA,NA,"ERROR","NEW CODE"
"E","2611","PILE DRIVING - TEMPORARY STAFFING",NA,NA,NA,NA,NA,NA,14.05,NA,NA,NA,"ERROR","NEW CODE"
"E","2646","FURNITURE INSTALLATION-TEMPORARY STAFFING",NA,NA,NA,NA,NA,NA,10.29,NA,NA,NA,"ERROR","NEW CODE"
"E","2648","CABINET INSTALLATION-TEMPORARY STAFFING",NA,NA,NA,NA,NA,NA,8.85,NA,NA,NA,"ERROR","NEW CODE"
"E","2649","CEILING INSTALLATION-TEMPORARY STAFFING",NA,NA,NA,NA,NA,NA,7.91,NA,NA,NA,"ERROR","NEW CODE"
"E","2660","ALARM OR SOUND SYSTEM-TEMPORARY STAFFING",NA,NA,NA,NA,NA,NA,7.42,NA,NA,NA,"ERROR","NEW CODE"
"E","2661","ELECTRICAL WIRING - TEMPORARY STAFFING",NA,NA,NA,NA,NA,NA,2.78,NA,NA,NA,"ERROR","NEW CODE"
"E","2662","APPLIANCE - SERVICE OR REPAIR - TEMPORARY STAFFING",NA,NA,NA,NA,NA,NA,4.8,NA,NA,NA,"ERROR","NEW CODE"
"E","2663","PLUMBING - TEMPORARY STAFFING",NA,NA,NA,NA,NA,NA,7.42,NA,NA,NA,"ERROR","NEW CODE"
"E","2664","HVAC CONTRACTOR - TEMPORARY STAFFING",NA,NA,NA,NA,NA,NA,7.42,NA,NA,NA,"ERROR","NEW CODE"
"E","2666","PLATE GLASS INSTALL-TEMPORARY STAFFING",NA,NA,NA,NA,NA,NA,13.89,NA,NA,NA,"ERROR","NEW CODE"
"E","2668","TILE WORK - TEMPORARY STAFFING",NA,NA,NA,NA,NA,NA,14.05,NA,NA,NA,"ERROR","NEW CODE"
"E","2670","HOUSE FURNISHINGS INST-TEMPORARY STAFFING",NA,NA,NA,NA,NA,NA,12.42,NA,NA,NA,"ERROR","NEW CODE"
"E","2674","SWIMMING POOL CONST-TEMPORARY STAFFING",NA,NA,NA,NA,NA,NA,10.44,NA,NA,NA,"ERROR","NEW CODE"
"E","2676","SHEET METAL INSTALL - TEMPORARY STAFFING",NA,NA,NA,NA,NA,NA,9.5,NA,NA,NA,"ERROR","NEW CODE"
"E","2716","MARINA - TEMPORARY STAFFING",NA,NA,NA,NA,NA,NA,4.54,NA,NA,NA,"ERROR","NEW CODE"
"E","2718","BOAT BUILDING - TEMPORARY STAFFING",NA,NA,NA,NA,NA,NA,4.97,NA,NA,NA,"ERROR","NEW CODE"
"E","2751","GAS UTILITY - TEMPORARY STAFFING",NA,NA,NA,NA,NA,NA,2.48,NA,NA,NA,"ERROR","NEW CODE"
"E","2757","TELECOMMUNICATIONS CO-TEMPORARY STAFFING",NA,NA,NA,NA,NA,NA,3.99,NA,NA,NA,"ERROR","NEW CODE"
"E","2759","CABLE TV OPERATIONS-TEMPORARY STAFFING",NA,NA,NA,NA,NA,NA,4.41,NA,NA,NA,"ERROR","NEW CODE"
"E","2801","STABLE - TEMPORARY STAFFING",NA,NA,NA,NA,NA,NA,6.53,NA,NA,NA,"ERROR","NEW CODE"
"E","2802","MOBILE CRANE RENTAL-TEMPORARY STAFFING",NA,NA,NA,NA,NA,NA,6.35,NA,NA,NA,"ERROR","NEW CODE"
"E","2803","TAXICAB COMPANY - TEMPORARY STAFFING",NA,NA,NA,NA,NA,NA,6.35,NA,NA,NA,"ERROR","NEW CODE"
"E","2804","SCHOOL TRANSPORTATION-TEMPORARY STAFFING",NA,NA,NA,NA,NA,NA,5.25,NA,NA,NA,"ERROR","NEW CODE"
"E","2805","MILK HAULING - TEMPORARY STAFFING",NA,NA,NA,NA,NA,NA,6.35,NA,NA,NA,"ERROR","NEW CODE"
"E","2806","FURNITURE MOVING - TEMPORARY STAFFING",NA,NA,NA,NA,NA,NA,6.35,NA,NA,NA,"ERROR","NEW CODE"
"E","2807","AMBULANCE-SALARIED-TEMPORARY STAFFING",NA,NA,NA,NA,NA,NA,6.35,NA,NA,NA,"ERROR","NEW CODE"
"E","2808","PARCEL DELIVERY CO - TEMPORARY STAFFING",NA,NA,NA,NA,NA,NA,6.35,NA,NA,NA,"ERROR","NEW CODE"
"E","2811","TRUCKING, N.O.C. - TEMPORARY STAFFING",NA,NA,NA,NA,NA,NA,6.35,NA,NA,NA,"ERROR","NEW CODE"
"E","2817","BUS OPERATION - TEMPORARY STAFFING",NA,NA,NA,NA,NA,NA,6.35,NA,NA,NA,"ERROR","NEW CODE"
"F","2005","TREE PRUNING - TEMPORARY STAFFING",NA,NA,NA,NA,NA,NA,6.35,NA,NA,NA,"ERROR","NEW CODE"
"F","2055","SAND EXCAVATION - TEMPORARY STAFFING",NA,NA,NA,NA,NA,NA,6.53,NA,NA,NA,"ERROR","NEW CODE"
"F","2301","SAW MILL - TEMPORARY STAFFING",NA,NA,NA,NA,NA,NA,6.95,NA,NA,NA,"ERROR","NEW CODE"
"F","2507","GRAPHITE PRODUCTS MFG-TEMPORARY STAFFING",NA,NA,NA,NA,NA,NA,3.83,NA,NA,NA,"ERROR","NEW CODE"
"F","2551","CHEMICAL PRODUCTS MFG-TEMPORARY STAFFING",NA,NA,NA,NA,NA,NA,3.57,NA,NA,NA,"ERROR","NEW CODE"
"F","2573","FERTILIZER MFG. - TEMPORARY STAFFING",NA,NA,NA,NA,NA,NA,6.78,NA,NA,NA,"ERROR","NEW CODE"
"F","2603","SEWER CONSTRUCTION-TEMPORARY STAFFING",NA,NA,NA,NA,NA,NA,11.37,NA,NA,NA,"ERROR","NEW CODE"
"F","2607","DRILLING - TEMPORARY STAFFING",NA,NA,NA,NA,NA,NA,7.42,NA,NA,NA,"ERROR","NEW CODE"
"F","2608","FLAT CEMENT WORK - TEMPORARY STAFFING",NA,NA,NA,NA,NA,NA,7.7,NA,NA,NA,"ERROR","NEW CODE"
"F","2609","EXCAVATION - TEMPORARY STAFFING",NA,NA,NA,NA,NA,NA,4.34,NA,NA,NA,"ERROR","NEW CODE"
"F","2617","GAS, STEAM, WATER MAIN-TEMPORARY STAFFING",NA,NA,NA,NA,NA,NA,7.42,NA,NA,NA,"ERROR","NEW CODE"
"F","2625","CONDUIT CONSTRUCTION - TEMPORARY STAFFING",NA,NA,NA,NA,NA,NA,9.64,NA,NA,NA,"ERROR","NEW CODE"
"F","2645","WALLBOARD INSTALLATION-TEMPORARY STAFFING",NA,NA,NA,NA,NA,NA,10.47,NA,NA,NA,"ERROR","NEW CODE"
"F","2651","COMMERCIAL CARPENTRY-TEMPORARY STAFFING",NA,NA,NA,NA,NA,NA,5.13,NA,NA,NA,"ERROR","NEW CODE"
"F","2652","CARPENTRY, RESIDENTIAL-TEMPORARY STAFFING",NA,NA,NA,NA,NA,NA,14.05,NA,NA,NA,"ERROR","NEW CODE"
"F","2653","MASONRY - TEMPORARY STAFFING",NA,NA,NA,NA,NA,NA,11.68,NA,NA,NA,"ERROR","NEW CODE"
"F","2654","CONCRETE CONSTRUCTION-TEMPORARY STAFFING",NA,NA,NA,NA,NA,NA,8.25,NA,NA,NA,"ERROR","NEW CODE"
"F","2657","RIGGING - TEMPORARY STAFFING",NA,NA,NA,NA,NA,NA,14.05,NA,NA,NA,"ERROR","NEW CODE"
"F","2658","IRON ERECT ORNAMENTAL-TEMPORARY STAFFING",NA,NA,NA,NA,NA,NA,14.05,NA,NA,NA,"ERROR","NEW CODE"
"F","2665","PAINTING - TEMPORARY STAFFING",NA,NA,NA,NA,NA,NA,11.82,NA,NA,NA,"ERROR","NEW CODE"
"F","2667","PAPER HANGING - TEMPORARY STAFFING",NA,NA,NA,NA,NA,NA,7.42,NA,NA,NA,"ERROR","NEW CODE"
"F","2669","PLASTERING-TEMPORARY STAFFING",NA,NA,NA,NA,NA,NA,13,NA,NA,NA,"ERROR","NEW CODE"
"F","2673","ADVERTISING SIGN - TEMPORARY STAFFING",NA,NA,NA,NA,NA,NA,10.71,NA,NA,NA,"ERROR","NEW CODE"
"F","2675","MACHINERY ERECTION-TEMPORARY STAFFING",NA,NA,NA,NA,NA,NA,7.42,NA,NA,NA,"ERROR","NEW CODE"
"F","2679","OUTDOOR ADVERTISING-TEMPORARY STAFFING",NA,NA,NA,NA,NA,NA,14.05,NA,NA,NA,"ERROR","NEW CODE"
"F","2681","CANVAS GOODS ERECT-TEMPORARY STAFFING",NA,NA,NA,NA,NA,NA,12.26,NA,NA,NA,"ERROR","NEW CODE"
"F","2721","RAILROAD OPERATION -TEMPORARY STAFFING",NA,NA,NA,NA,NA,NA,6.35,NA,NA,NA,"ERROR","NEW CODE"
"F","2755","ELECTRIC UTILITIES - TEMPORARY STAFFING",NA,NA,NA,NA,NA,NA,3.04,NA,NA,NA,"ERROR","NEW CODE"
"F","2809","FUEL DISTRIBUTION - TEMPORARY STAFFING",NA,NA,NA,NA,NA,NA,6.31,NA,NA,NA,"ERROR","NEW CODE"
"F","2812","MAIL HAULING - TEMPORARY STAFFING",NA,NA,NA,NA,NA,NA,6.35,NA,NA,NA,"ERROR","NEW CODE"
"G","2009","LOGGING, N.O.C. - TEMPORARY STAFFING",NA,NA,NA,NA,NA,NA,6.35,NA,NA,NA,"ERROR","NEW CODE"
"G","2509","ASBESTOS GOODS MFG-TEMPORARY STAFFING",NA,NA,NA,NA,NA,NA,6.95,NA,NA,NA,"ERROR","NEW CODE"
"G","2553","GASES MFG. - TEMPORARY STAFFING",NA,NA,NA,NA,NA,NA,6.15,NA,NA,NA,"ERROR","NEW CODE"
"G","2601","ROAD CONSTR-PAVING-TEMPORARY STAFFING",NA,NA,NA,NA,NA,NA,14.05,NA,NA,NA,"ERROR","NEW CODE"
"G","2615","TUNNELLING - TEMPORARY STAFFING",NA,NA,NA,NA,NA,NA,14.05,NA,NA,NA,"ERROR","NEW CODE"
"G","2643","ASBESTOS CONTRACTOR - TEMPORARY STAFFING",NA,NA,NA,NA,NA,NA,14.05,NA,NA,NA,"ERROR","NEW CODE"
"G","2655","IRON ERECTION - TEMPORARY STAFFING",NA,NA,NA,NA,NA,NA,14.05,NA,NA,NA,"ERROR","NEW CODE"
"G","2656","ELEC LINE CONSTRUCTION-TEMPORARY STAFFING",NA,NA,NA,NA,NA,NA,10.34,NA,NA,NA,"ERROR","NEW CODE"
"G","2659","ROOFING - TEMPORARY STAFFING",NA,NA,NA,NA,NA,NA,14.05,NA,NA,NA,"ERROR","NEW CODE"
"G","2677","BOILER INSTALLATION - TEMPORARY STAFFING",NA,NA,NA,NA,NA,NA,7.42,NA,NA,NA,"ERROR","NEW CODE"
"G","2709","TALLYMEN - TEMPORARY STAFFING",NA,NA,NA,NA,NA,NA,0.42,NA,NA,NA,"ERROR","NEW CODE"
"G","2752","PIPELINE OPERATION - TEMPORARY STAFFING",NA,NA,NA,NA,NA,NA,2.27,NA,NA,NA,"ERROR","NEW CODE"
